timestamp,pct_counted,candidate,projected_votes,votes_counted
2026-04-14 14:23,0.782942,KEIKO SOFIA FUJIMORI HIGUCHI,2927466,2278434
2026-04-14 14:23,0.782942,VOTOS EN BLANCO,2404197,1734842
2026-04-14 14:23,0.782942,ROBERTO HELBERT SANCHEZ PALOMINO,2046011,1408495
2026-04-14 14:23,0.782942,RAFAEL BERNARDO LÓPEZ ALIAGA CAZORLA,2038839,1712322
2026-04-14 14:23,0.782942,JORGE NIETO MONTESINOS,1851636,1587501
2026-04-14 14:23,0.782942,RICARDO PABLO BELMONT CASSINELLI,1687547,1355379
2026-04-14 14:23,0.782942,CARLOS GONSALO ALVAREZ LOAYZA,1345063,1094540
2026-04-14 14:23,0.782942,PABLO ALFONSO LOPEZ CHAU NAVA,1229176,1022296
2026-04-14 14:23,0.782942,VOTOS NULOS,1024378,767617
2026-04-14 14:23,0.782942,MARIA SOLEDAD PEREZ TELLO,580516,490218
2026-04-14 14:23,0.782942,ALFONSO CARLOS ESPA Y GARCES-ALVEAR,566964,479202
2026-04-14 14:23,0.782942,LUIS FERNANDO OLIVERA VEGA,310143,256258
2026-04-14 14:23,0.782942,JOSE LEON LUNA GALVEZ,272544,199158
2026-04-14 14:23,0.782942,YONHY LESCANO ANCIETA,216232,175486
2026-04-14 14:23,0.782942,CESAR ACUÑA PERALTA,194367,143288
2026-04-14 14:23,0.782942,PITTER ENRIQUE VALDERRAMA PEÑA,165319,129048
2026-04-14 14:23,0.782942,GEORGE PATRICK FORSYTH SOMMER,161778,118712
2026-04-14 14:23,0.782942,HERBERT CALLER GUTIERREZ,149441,114163
2026-04-14 14:23,0.782942,RONALD DARWIN ATENCIO SOTOMAYOR,149104,107042
2026-04-14 14:23,0.782942,MARIO ENRIQUE VIZCARRA CORNEJO,149023,112537
2026-04-14 14:23,0.782942,ROSARIO DEL PILAR FERNANDEZ BAZAN,132809,96469
2026-04-14 14:23,0.782942,CHARLIE CARRASCO SALAZAR,124074,91940
2026-04-14 14:23,0.782942,VLADIMIR ROY CERRON ROJAS,103986,76287
2026-04-14 14:23,0.782942,MESIAS ANTONIO GUEVARA AMASIFUEN,84635,68228
2026-04-14 14:23,0.782942,ROBERTO ENRIQUE CHIABRA LEON,72470,56976
2026-04-14 14:23,0.782942,PAUL DAVIS JAIMES BLANCO,69001,53135
2026-04-14 14:23,0.782942,ALEX GONZALES CASTILLO,68872,49184
2026-04-14 14:23,0.782942,WOLFGANG MARIO GROZO COSTA,66298,53339
2026-04-14 14:23,0.782942,RAFAEL JORGE BELAUNDE LLOSA,43862,32664
2026-04-14 14:23,0.782942,JOSE DANIEL WILLIAMS ZAPATA,35452,26438
2026-04-14 14:23,0.782942,FRANCISCO ERNESTO DIEZ-CANSECO TÁVARA,34438,24765
2026-04-14 14:23,0.782942,FIORELLA GIANNINA MOLINELLI ARISTONDO,30864,21701
2026-04-14 14:23,0.782942,ALVARO GONZALO PAZ DE LA BARRA FREIGEIRO,26675,18075
2026-04-14 14:23,0.782942,ARMANDO JOAQUIN MASSE FERNANDEZ,24545,17159
2026-04-14 14:23,0.782942,ANTONIO ORTIZ VILLANO,22257,12944
2026-04-14 14:23,0.782942,WALTER GILMER CHIRINOS PURIZAGA,16940,11235
2026-04-14 14:23,0.782942,NAPOLEON BECERRA GARCIA,14044,9050
2026-04-14 14:23,0.782942,CARLOS ERNESTO JAICO CARRANZA,12161,7613
2026-04-15 19:54,0.921165,KEIKO SOFIA FUJIMORI HIGUCHI,2883846,2643375
2026-04-15 19:54,0.921165,VOTOS EN BLANCO,2373667,2156416
2026-04-15 19:54,0.921165,ROBERTO HELBERT SANCHEZ PALOMINO,2014778,1871729
2026-04-15 19:54,0.921165,RAFAEL BERNARDO LÓPEZ ALIAGA CAZORLA,2004192,1838340
2026-04-15 19:54,0.921165,JORGE NIETO MONTESINOS,1844882,1714967
2026-04-15 19:54,0.921165,RICARDO PABLO BELMONT CASSINELLI,1702453,1574241
2026-04-15 19:54,0.921165,CARLOS GONSALO ALVAREZ LOAYZA,1332187,1218665
2026-04-15 19:54,0.921165,PABLO ALFONSO LOPEZ CHAU NAVA,1226798,1141152
2026-04-15 19:54,0.921165,VOTOS NULOS,1012454,930457
2026-04-15 19:54,0.921165,MARIA SOLEDAD PEREZ TELLO,573959,532249
2026-04-15 19:54,0.921165,ALFONSO CARLOS ESPA Y GARCES-ALVEAR,562913,525320
2026-04-15 19:54,0.921165,LUIS FERNANDO OLIVERA VEGA,308192,287834
2026-04-15 19:54,0.921165,JOSE LEON LUNA GALVEZ,266847,246723
2026-04-15 19:54,0.921165,YONHY LESCANO ANCIETA,215289,203167
2026-04-15 19:54,0.921165,CESAR ACUÑA PERALTA,192987,176055
2026-04-15 19:54,0.921165,PITTER ENRIQUE VALDERRAMA PEÑA,161907,148718
2026-04-15 19:54,0.921165,GEORGE PATRICK FORSYTH SOMMER,153638,139114
2026-04-15 19:54,0.921165,MARIO ENRIQUE VIZCARRA CORNEJO,144736,133501
2026-04-15 19:54,0.921165,HERBERT CALLER GUTIERREZ,144473,133896
2026-04-15 19:54,0.921165,RONALD DARWIN ATENCIO SOTOMAYOR,140613,131067
2026-04-15 19:54,0.921165,ROSARIO DEL PILAR FERNANDEZ BAZAN,128620,116174
2026-04-15 19:54,0.921165,CHARLIE CARRASCO SALAZAR,118844,110135
2026-04-15 19:54,0.921165,VLADIMIR ROY CERRON ROJAS,100399,92719
2026-04-15 19:54,0.921165,MESIAS ANTONIO GUEVARA AMASIFUEN,82308,76086
2026-04-15 19:54,0.921165,ROBERTO ENRIQUE CHIABRA LEON,68446,62613
2026-04-15 19:54,0.921165,PAUL DAVIS JAIMES BLANCO,66376,61137
2026-04-15 19:54,0.921165,ALEX GONZALES CASTILLO,64408,58691
2026-04-15 19:54,0.921165,WOLFGANG MARIO GROZO COSTA,64059,59017
2026-04-15 19:54,0.921165,RAFAEL JORGE BELAUNDE LLOSA,41257,37716
2026-04-15 19:54,0.921165,JOSE DANIEL WILLIAMS ZAPATA,32967,30313
2026-04-15 19:54,0.921165,FRANCISCO ERNESTO DIEZ-CANSECO TÁVARA,31825,28991
2026-04-15 19:54,0.921165,FIORELLA GIANNINA MOLINELLI ARISTONDO,27504,25176
2026-04-15 19:54,0.921165,ALVARO GONZALO PAZ DE LA BARRA FREIGEIRO,23610,21503
2026-04-15 19:54,0.921165,ARMANDO JOAQUIN MASSE FERNANDEZ,21907,20104
2026-04-15 19:54,0.921165,ANTONIO ORTIZ VILLANO,17826,16174
2026-04-15 19:54,0.921165,WALTER GILMER CHIRINOS PURIZAGA,14861,13373
2026-04-15 19:54,0.921165,NAPOLEON BECERRA GARCIA,11755,10530
2026-04-15 19:54,0.921165,CARLOS ERNESTO JAICO CARRANZA,10082,8949
2026-04-14 15:38,0.79011,KEIKO SOFIA FUJIMORI HIGUCHI,2932902,2297480
2026-04-14 15:38,0.79011,VOTOS EN BLANCO,2403001,1756977
2026-04-14 15:38,0.79011,ROBERTO HELBERT SANCHEZ PALOMINO,2041941,1432360
2026-04-14 15:38,0.79011,RAFAEL BERNARDO LÓPEZ ALIAGA CAZORLA,2037928,1718509
2026-04-14 15:38,0.79011,JORGE NIETO MONTESINOS,1850883,1594447
2026-04-14 15:38,0.79011,RICARDO PABLO BELMONT CASSINELLI,1687228,1366050
2026-04-14 15:38,0.79011,CARLOS GONSALO ALVAREZ LOAYZA,1343445,1099663
2026-04-14 15:38,0.79011,PABLO ALFONSO LOPEZ CHAU NAVA,1228893,1028237
2026-04-14 15:38,0.79011,VOTOS NULOS,1021320,775209
2026-04-14 15:38,0.79011,MARIA SOLEDAD PEREZ TELLO,579798,492155
2026-04-14 15:38,0.79011,ALFONSO CARLOS ESPA Y GARCES-ALVEAR,565240,481274
2026-04-14 15:38,0.79011,LUIS FERNANDO OLIVERA VEGA,309923,257760
2026-04-14 15:38,0.79011,JOSE LEON LUNA GALVEZ,271777,201729
2026-04-14 15:38,0.79011,YONHY LESCANO ANCIETA,215673,176406
2026-04-14 15:38,0.79011,CESAR ACUÑA PERALTA,194525,145484
2026-04-14 15:38,0.79011,PITTER ENRIQUE VALDERRAMA PEÑA,164989,130496
2026-04-14 15:38,0.79011,GEORGE PATRICK FORSYTH SOMMER,161347,119614
2026-04-14 15:38,0.79011,HERBERT CALLER GUTIERREZ,148818,115102
2026-04-14 15:38,0.79011,RONALD DARWIN ATENCIO SOTOMAYOR,147662,107856
2026-04-14 15:38,0.79011,MARIO ENRIQUE VIZCARRA CORNEJO,147369,113461
2026-04-14 15:38,0.79011,ROSARIO DEL PILAR FERNANDEZ BAZAN,132511,97480
2026-04-14 15:38,0.79011,CHARLIE CARRASCO SALAZAR,123015,92884
2026-04-14 15:38,0.79011,VLADIMIR ROY CERRON ROJAS,103219,77024
2026-04-14 15:38,0.79011,MESIAS ANTONIO GUEVARA AMASIFUEN,84293,68556
2026-04-14 15:38,0.79011,ROBERTO ENRIQUE CHIABRA LEON,71976,57214
2026-04-14 15:38,0.79011,PAUL DAVIS JAIMES BLANCO,68626,53506
2026-04-14 15:38,0.79011,ALEX GONZALES CASTILLO,68366,49665
2026-04-14 15:38,0.79011,WOLFGANG MARIO GROZO COSTA,66053,53597
2026-04-14 15:38,0.79011,RAFAEL JORGE BELAUNDE LLOSA,43879,32939
2026-04-14 15:38,0.79011,JOSE DANIEL WILLIAMS ZAPATA,35299,26615
2026-04-14 15:38,0.79011,FRANCISCO ERNESTO DIEZ-CANSECO TÁVARA,34216,24976
2026-04-14 15:38,0.79011,FIORELLA GIANNINA MOLINELLI ARISTONDO,30411,21851
2026-04-14 15:38,0.79011,ALVARO GONZALO PAZ DE LA BARRA FREIGEIRO,26384,18250
2026-04-14 15:38,0.79011,ARMANDO JOAQUIN MASSE FERNANDEZ,24272,17294
2026-04-14 15:38,0.79011,ANTONIO ORTIZ VILLANO,22102,13122
2026-04-14 15:38,0.79011,WALTER GILMER CHIRINOS PURIZAGA,16807,11314
2026-04-14 15:38,0.79011,NAPOLEON BECERRA GARCIA,13875,9168
2026-04-14 15:38,0.79011,CARLOS ERNESTO JAICO CARRANZA,11840,7669
2026-04-14 16:48,0.797956,KEIKO SOFIA FUJIMORI HIGUCHI,2914364,2317861
2026-04-14 16:48,0.797956,VOTOS EN BLANCO,2400849,1779600
2026-04-14 16:48,0.797956,ROBERTO HELBERT SANCHEZ PALOMINO,2046717,1457052
2026-04-14 16:48,0.797956,RAFAEL BERNARDO LÓPEZ ALIAGA CAZORLA,2037803,1727908
2026-04-14 16:48,0.797956,JORGE NIETO MONTESINOS,1853570,1604213
2026-04-14 16:48,0.797956,RICARDO PABLO BELMONT CASSINELLI,1690606,1377321
2026-04-14 16:48,0.797956,CARLOS GONSALO ALVAREZ LOAYZA,1342936,1106119
2026-04-14 16:48,0.797956,PABLO ALFONSO LOPEZ CHAU NAVA,1228127,1035053
2026-04-14 16:48,0.797956,VOTOS NULOS,1019222,783635
2026-04-14 16:48,0.797956,MARIA SOLEDAD PEREZ TELLO,579772,495100
2026-04-14 16:48,0.797956,ALFONSO CARLOS ESPA Y GARCES-ALVEAR,565576,484076
2026-04-14 16:48,0.797956,LUIS FERNANDO OLIVERA VEGA,309767,259341
2026-04-14 16:48,0.797956,JOSE LEON LUNA GALVEZ,272350,204206
2026-04-14 16:48,0.797956,YONHY LESCANO ANCIETA,215498,177420
2026-04-14 16:48,0.797956,CESAR ACUÑA PERALTA,195112,147805
2026-04-14 16:48,0.797956,PITTER ENRIQUE VALDERRAMA PEÑA,164729,131776
2026-04-14 16:48,0.797956,GEORGE PATRICK FORSYTH SOMMER,160772,120661
2026-04-14 16:48,0.797956,HERBERT CALLER GUTIERREZ,148573,116114
2026-04-14 16:48,0.797956,MARIO ENRIQUE VIZCARRA CORNEJO,146927,114353
2026-04-14 16:48,0.797956,RONALD DARWIN ATENCIO SOTOMAYOR,146488,108782
2026-04-14 16:48,0.797956,ROSARIO DEL PILAR FERNANDEZ BAZAN,132435,99022
2026-04-14 16:48,0.797956,CHARLIE CARRASCO SALAZAR,122413,93790
2026-04-14 16:48,0.797956,VLADIMIR ROY CERRON ROJAS,102885,77810
2026-04-14 16:48,0.797956,MESIAS ANTONIO GUEVARA AMASIFUEN,84149,69001
2026-04-14 16:48,0.797956,ROBERTO ENRIQUE CHIABRA LEON,71523,57559
2026-04-14 16:48,0.797956,PAUL DAVIS JAIMES BLANCO,68608,53942
2026-04-14 16:48,0.797956,ALEX GONZALES CASTILLO,67636,50111
2026-04-14 16:48,0.797956,WOLFGANG MARIO GROZO COSTA,65916,53951
2026-04-14 16:48,0.797956,RAFAEL JORGE BELAUNDE LLOSA,43734,33296
2026-04-14 16:48,0.797956,JOSE DANIEL WILLIAMS ZAPATA,35135,26794
2026-04-14 16:48,0.797956,FRANCISCO ERNESTO DIEZ-CANSECO TÁVARA,33929,25186
2026-04-14 16:48,0.797956,FIORELLA GIANNINA MOLINELLI ARISTONDO,30051,22019
2026-04-14 16:48,0.797956,ALVARO GONZALO PAZ DE LA BARRA FREIGEIRO,26150,18431
2026-04-14 16:48,0.797956,ARMANDO JOAQUIN MASSE FERNANDEZ,24142,17436
2026-04-14 16:48,0.797956,ANTONIO ORTIZ VILLANO,22058,13291
2026-04-14 16:48,0.797956,WALTER GILMER CHIRINOS PURIZAGA,16671,11458
2026-04-14 16:48,0.797956,NAPOLEON BECERRA GARCIA,13768,9226
2026-04-14 16:48,0.797956,CARLOS ERNESTO JAICO CARRANZA,11742,7742
2026-04-14 17:52,0.805945,KEIKO SOFIA FUJIMORI HIGUCHI,2917884,2339297
2026-04-14 17:52,0.805945,VOTOS EN BLANCO,2385472,1794259
2026-04-14 17:52,0.805945,ROBERTO HELBERT SANCHEZ PALOMINO,2054618,1486491
2026-04-14 17:52,0.805945,RAFAEL BERNARDO LÓPEZ ALIAGA CAZORLA,2035882,1736587
2026-04-14 17:52,0.805945,JORGE NIETO MONTESINOS,1852940,1614475
2026-04-14 17:52,0.805945,RICARDO PABLO BELMONT CASSINELLI,1693360,1392104
2026-04-14 17:52,0.805945,CARLOS GONSALO ALVAREZ LOAYZA,1341456,1113438
2026-04-14 17:52,0.805945,PABLO ALFONSO LOPEZ CHAU NAVA,1228043,1043876
2026-04-14 17:52,0.805945,VOTOS NULOS,1019488,793373
2026-04-14 17:52,0.805945,MARIA SOLEDAD PEREZ TELLO,579235,498073
2026-04-14 17:52,0.805945,ALFONSO CARLOS ESPA Y GARCES-ALVEAR,565333,487442
2026-04-14 17:52,0.805945,LUIS FERNANDO OLIVERA VEGA,309347,261595
2026-04-14 17:52,0.805945,JOSE LEON LUNA GALVEZ,272170,206780
2026-04-14 17:52,0.805945,YONHY LESCANO ANCIETA,215994,179428
2026-04-14 17:52,0.805945,CESAR ACUÑA PERALTA,195623,149959
2026-04-14 17:52,0.805945,PITTER ENRIQUE VALDERRAMA PEÑA,164789,133012
2026-04-14 17:52,0.805945,GEORGE PATRICK FORSYTH SOMMER,160388,121726
2026-04-14 17:52,0.805945,HERBERT CALLER GUTIERREZ,148357,117362
2026-04-14 17:52,0.805945,MARIO ENRIQUE VIZCARRA CORNEJO,146223,115507
2026-04-14 17:52,0.805945,RONALD DARWIN ATENCIO SOTOMAYOR,146132,110132
2026-04-14 17:52,0.805945,ROSARIO DEL PILAR FERNANDEZ BAZAN,132332,100274
2026-04-14 17:52,0.805945,CHARLIE CARRASCO SALAZAR,122441,94979
2026-04-14 17:52,0.805945,VLADIMIR ROY CERRON ROJAS,102693,78770
2026-04-14 17:52,0.805945,MESIAS ANTONIO GUEVARA AMASIFUEN,84030,69523
2026-04-14 17:52,0.805945,ROBERTO ENRIQUE CHIABRA LEON,71052,57897
2026-04-14 17:52,0.805945,PAUL DAVIS JAIMES BLANCO,68708,54461
2026-04-14 17:52,0.805945,ALEX GONZALES CASTILLO,67337,50646
2026-04-14 17:52,0.805945,WOLFGANG MARIO GROZO COSTA,65668,54320
2026-04-14 17:52,0.805945,RAFAEL JORGE BELAUNDE LLOSA,43444,33614
2026-04-14 17:52,0.805945,JOSE DANIEL WILLIAMS ZAPATA,34747,27046
2026-04-14 17:52,0.805945,FRANCISCO ERNESTO DIEZ-CANSECO TÁVARA,33661,25448
2026-04-14 17:52,0.805945,FIORELLA GIANNINA MOLINELLI ARISTONDO,29741,22187
2026-04-14 17:52,0.805945,ALVARO GONZALO PAZ DE LA BARRA FREIGEIRO,25875,18639
2026-04-14 17:52,0.805945,ARMANDO JOAQUIN MASSE FERNANDEZ,23680,17614
2026-04-14 17:52,0.805945,ANTONIO ORTIZ VILLANO,21768,13464
2026-04-14 17:52,0.805945,WALTER GILMER CHIRINOS PURIZAGA,16505,11574
2026-04-14 17:52,0.805945,NAPOLEON BECERRA GARCIA,13555,9319
2026-04-14 17:52,0.805945,CARLOS ERNESTO JAICO CARRANZA,11567,7854
2026-04-14 18:53,0.814339,KEIKO SOFIA FUJIMORI HIGUCHI,2906714,2357972
2026-04-14 18:53,0.814339,VOTOS EN BLANCO,2401496,1828169
2026-04-14 18:53,0.814339,ROBERTO HELBERT SANCHEZ PALOMINO,2063319,1514539
2026-04-14 18:53,0.814339,RAFAEL BERNARDO LÓPEZ ALIAGA CAZORLA,2026411,1741950
2026-04-14 18:53,0.814339,JORGE NIETO MONTESINOS,1847333,1620740
2026-04-14 18:53,0.814339,RICARDO PABLO BELMONT CASSINELLI,1690895,1405567
2026-04-14 18:53,0.814339,CARLOS GONSALO ALVAREZ LOAYZA,1336016,1119334
2026-04-14 18:53,0.814339,PABLO ALFONSO LOPEZ CHAU NAVA,1224648,1051065
2026-04-14 18:53,0.814339,VOTOS NULOS,1021126,802873
2026-04-14 18:53,0.814339,MARIA SOLEDAD PEREZ TELLO,577248,500237
2026-04-14 18:53,0.814339,ALFONSO CARLOS ESPA Y GARCES-ALVEAR,564022,489951
2026-04-14 18:53,0.814339,LUIS FERNANDO OLIVERA VEGA,308370,263636
2026-04-14 18:53,0.814339,JOSE LEON LUNA GALVEZ,274743,209289
2026-04-14 18:53,0.814339,YONHY LESCANO ANCIETA,216514,181520
2026-04-14 18:53,0.814339,CESAR ACUÑA PERALTA,194848,151551
2026-04-14 18:53,0.814339,PITTER ENRIQUE VALDERRAMA PEÑA,163127,133936
2026-04-14 18:53,0.814339,GEORGE PATRICK FORSYTH SOMMER,160231,122802
2026-04-14 18:53,0.814339,HERBERT CALLER GUTIERREZ,147952,118526
2026-04-14 18:53,0.814339,RONALD DARWIN ATENCIO SOTOMAYOR,145987,111671
2026-04-14 18:53,0.814339,MARIO ENRIQUE VIZCARRA CORNEJO,145590,116620
2026-04-14 18:53,0.814339,ROSARIO DEL PILAR FERNANDEZ BAZAN,129341,101462
2026-04-14 18:53,0.814339,CHARLIE CARRASCO SALAZAR,121851,96219
2026-04-14 18:53,0.814339,VLADIMIR ROY CERRON ROJAS,102403,79693
2026-04-14 18:53,0.814339,MESIAS ANTONIO GUEVARA AMASIFUEN,84059,69945
2026-04-14 18:53,0.814339,ROBERTO ENRIQUE CHIABRA LEON,70669,58151
2026-04-14 18:53,0.814339,PAUL DAVIS JAIMES BLANCO,68310,54926
2026-04-14 18:53,0.814339,ALEX GONZALES CASTILLO,67815,51277
2026-04-14 18:53,0.814339,WOLFGANG MARIO GROZO COSTA,65400,54586
2026-04-14 18:53,0.814339,RAFAEL JORGE BELAUNDE LLOSA,43348,33919
2026-04-14 18:53,0.814339,JOSE DANIEL WILLIAMS ZAPATA,34493,27249
2026-04-14 18:53,0.814339,FRANCISCO ERNESTO DIEZ-CANSECO TÁVARA,33853,25716
2026-04-14 18:53,0.814339,FIORELLA GIANNINA MOLINELLI ARISTONDO,29644,22377
2026-04-14 18:53,0.814339,ALVARO GONZALO PAZ DE LA BARRA FREIGEIRO,25855,18863
2026-04-14 18:53,0.814339,ARMANDO JOAQUIN MASSE FERNANDEZ,23785,17799
2026-04-14 18:53,0.814339,ANTONIO ORTIZ VILLANO,21920,13663
2026-04-14 18:53,0.814339,WALTER GILMER CHIRINOS PURIZAGA,16390,11729
2026-04-14 18:53,0.814339,NAPOLEON BECERRA GARCIA,13439,9396
2026-04-14 18:53,0.814339,CARLOS ERNESTO JAICO CARRANZA,11609,7954
2026-04-14 19:55,0.820901,KEIKO SOFIA FUJIMORI HIGUCHI,2903086,2374625
2026-04-14 19:55,0.820901,VOTOS EN BLANCO,2383131,1843196
2026-04-14 19:55,0.820901,ROBERTO HELBERT SANCHEZ PALOMINO,2057162,1535707
2026-04-14 19:55,0.820901,RAFAEL BERNARDO LÓPEZ ALIAGA CAZORLA,2027919,1748345
2026-04-14 19:55,0.820901,JORGE NIETO MONTESINOS,1851793,1627373
2026-04-14 19:55,0.820901,RICARDO PABLO BELMONT CASSINELLI,1693210,1415655
2026-04-14 19:55,0.820901,CARLOS GONSALO ALVAREZ LOAYZA,1336990,1125264
2026-04-14 19:55,0.820901,PABLO ALFONSO LOPEZ CHAU NAVA,1225153,1056872
2026-04-14 19:55,0.820901,VOTOS NULOS,1027072,810710
2026-04-14 19:55,0.820901,MARIA SOLEDAD PEREZ TELLO,577812,502442
2026-04-14 19:55,0.820901,ALFONSO CARLOS ESPA Y GARCES-ALVEAR,564207,492213
2026-04-14 19:55,0.820901,LUIS FERNANDO OLIVERA VEGA,308190,265134
2026-04-14 19:55,0.820901,JOSE LEON LUNA GALVEZ,273937,211570
2026-04-14 19:55,0.820901,YONHY LESCANO ANCIETA,216177,182674
2026-04-14 19:55,0.820901,CESAR ACUÑA PERALTA,195077,153161
2026-04-14 19:55,0.820901,PITTER ENRIQUE VALDERRAMA PEÑA,162326,134970
2026-04-14 19:55,0.820901,GEORGE PATRICK FORSYTH SOMMER,159846,123873
2026-04-14 19:55,0.820901,HERBERT CALLER GUTIERREZ,147528,119434
2026-04-14 19:55,0.820901,MARIO ENRIQUE VIZCARRA CORNEJO,145617,117532
2026-04-14 19:55,0.820901,RONALD DARWIN ATENCIO SOTOMAYOR,145382,112739
2026-04-14 19:55,0.820901,ROSARIO DEL PILAR FERNANDEZ BAZAN,129320,103301
2026-04-14 19:55,0.820901,CHARLIE CARRASCO SALAZAR,121481,96978
2026-04-14 19:55,0.820901,VLADIMIR ROY CERRON ROJAS,102079,80432
2026-04-14 19:55,0.820901,MESIAS ANTONIO GUEVARA AMASIFUEN,83574,70348
2026-04-14 19:55,0.820901,ROBERTO ENRIQUE CHIABRA LEON,70297,58401
2026-04-14 19:55,0.820901,PAUL DAVIS JAIMES BLANCO,68476,55288
2026-04-14 19:55,0.820901,ALEX GONZALES CASTILLO,67081,51755
2026-04-14 19:55,0.820901,WOLFGANG MARIO GROZO COSTA,65442,54872
2026-04-14 19:55,0.820901,RAFAEL JORGE BELAUNDE LLOSA,43007,34173
2026-04-14 19:55,0.820901,JOSE DANIEL WILLIAMS ZAPATA,34658,27421
2026-04-14 19:55,0.820901,FRANCISCO ERNESTO DIEZ-CANSECO TÁVARA,33849,25912
2026-04-14 19:55,0.820901,FIORELLA GIANNINA MOLINELLI ARISTONDO,29765,22553
2026-04-14 19:55,0.820901,ALVARO GONZALO PAZ DE LA BARRA FREIGEIRO,25331,19027
2026-04-14 19:55,0.820901,ARMANDO JOAQUIN MASSE FERNANDEZ,23455,17938
2026-04-14 19:55,0.820901,ANTONIO ORTIZ VILLANO,21458,13827
2026-04-14 19:55,0.820901,WALTER GILMER CHIRINOS PURIZAGA,16414,11817
2026-04-14 19:55,0.820901,NAPOLEON BECERRA GARCIA,13116,9462
2026-04-14 19:55,0.820901,CARLOS ERNESTO JAICO CARRANZA,11342,8028
2026-04-14 21:16,0.830248,KEIKO SOFIA FUJIMORI HIGUCHI,2897547,2394636
2026-04-14 21:16,0.830248,VOTOS EN BLANCO,2378087,1864177
2026-04-14 21:16,0.830248,ROBERTO HELBERT SANCHEZ PALOMINO,2044256,1564298
2026-04-14 21:16,0.830248,RAFAEL BERNARDO LÓPEZ ALIAGA CAZORLA,2020310,1755624
2026-04-14 21:16,0.830248,JORGE NIETO MONTESINOS,1849714,1635015
2026-04-14 21:16,0.830248,RICARDO PABLO BELMONT CASSINELLI,1694033,1429522
2026-04-14 21:16,0.830248,CARLOS GONSALO ALVAREZ LOAYZA,1335793,1132234
2026-04-14 21:16,0.830248,PABLO ALFONSO LOPEZ CHAU NAVA,1224387,1064765
2026-04-14 21:16,0.830248,VOTOS NULOS,1019755,820405
2026-04-14 21:16,0.830248,MARIA SOLEDAD PEREZ TELLO,577483,505021
2026-04-14 21:16,0.830248,ALFONSO CARLOS ESPA Y GARCES-ALVEAR,564329,495075
2026-04-14 21:16,0.830248,LUIS FERNANDO OLIVERA VEGA,308663,267186
2026-04-14 21:16,0.830248,JOSE LEON LUNA GALVEZ,273464,214350
2026-04-14 21:16,0.830248,YONHY LESCANO ANCIETA,214988,184151
2026-04-14 21:16,0.830248,CESAR ACUÑA PERALTA,194773,155156
2026-04-14 21:16,0.830248,PITTER ENRIQUE VALDERRAMA PEÑA,162239,136217
2026-04-14 21:16,0.830248,GEORGE PATRICK FORSYTH SOMMER,159393,125036
2026-04-14 21:16,0.830248,HERBERT CALLER GUTIERREZ,147708,120598
2026-04-14 21:16,0.830248,MARIO ENRIQUE VIZCARRA CORNEJO,145557,118660
2026-04-14 21:16,0.830248,RONALD DARWIN ATENCIO SOTOMAYOR,143215,114458
2026-04-14 21:16,0.830248,ROSARIO DEL PILAR FERNANDEZ BAZAN,129195,104803
2026-04-14 21:16,0.830248,CHARLIE CARRASCO SALAZAR,120370,98075
2026-04-14 21:16,0.830248,VLADIMIR ROY CERRON ROJAS,102455,81514
2026-04-14 21:16,0.830248,MESIAS ANTONIO GUEVARA AMASIFUEN,83818,70835
2026-04-14 21:16,0.830248,ROBERTO ENRIQUE CHIABRA LEON,70252,58704
2026-04-14 21:16,0.830248,PAUL DAVIS JAIMES BLANCO,68462,55965
2026-04-14 21:16,0.830248,ALEX GONZALES CASTILLO,66529,52292
2026-04-14 21:16,0.830248,WOLFGANG MARIO GROZO COSTA,65376,55244
2026-04-14 21:16,0.830248,RAFAEL JORGE BELAUNDE LLOSA,43143,34460
2026-04-14 21:16,0.830248,JOSE DANIEL WILLIAMS ZAPATA,34587,27609
2026-04-14 21:16,0.830248,FRANCISCO ERNESTO DIEZ-CANSECO TÁVARA,33732,26140
2026-04-14 21:16,0.830248,FIORELLA GIANNINA MOLINELLI ARISTONDO,29247,22778
2026-04-14 21:16,0.830248,ALVARO GONZALO PAZ DE LA BARRA FREIGEIRO,25576,19274
2026-04-14 21:16,0.830248,ARMANDO JOAQUIN MASSE FERNANDEZ,23694,18140
2026-04-14 21:16,0.830248,ANTONIO ORTIZ VILLANO,21347,14056
2026-04-14 21:16,0.830248,WALTER GILMER CHIRINOS PURIZAGA,16313,11957
2026-04-14 21:16,0.830248,NAPOLEON BECERRA GARCIA,13195,9545
2026-04-14 21:16,0.830248,CARLOS ERNESTO JAICO CARRANZA,11339,8110
2026-04-14 23:39,0.854665,KEIKO SOFIA FUJIMORI HIGUCHI,2888171,2449699
2026-04-14 23:39,0.854665,VOTOS EN BLANCO,2380212,1938863
2026-04-14 23:39,0.854665,ROBERTO HELBERT SANCHEZ PALOMINO,2045144,1660367
2026-04-14 23:39,0.854665,RAFAEL BERNARDO LÓPEZ ALIAGA CAZORLA,2016660,1773320
2026-04-14 23:39,0.854665,JORGE NIETO MONTESINOS,1847325,1653302
2026-04-14 23:39,0.854665,RICARDO PABLO BELMONT CASSINELLI,1699341,1474195
2026-04-14 23:39,0.854665,CARLOS GONSALO ALVAREZ LOAYZA,1333535,1149944
2026-04-14 23:39,0.854665,PABLO ALFONSO LOPEZ CHAU NAVA,1226148,1090061
2026-04-14 23:39,0.854665,VOTOS NULOS,1016725,849304
2026-04-14 23:39,0.854665,MARIA SOLEDAD PEREZ TELLO,575848,511331
2026-04-14 23:39,0.854665,ALFONSO CARLOS ESPA Y GARCES-ALVEAR,563967,503126
2026-04-14 23:39,0.854665,LUIS FERNANDO OLIVERA VEGA,308697,273911
2026-04-14 23:39,0.854665,JOSE LEON LUNA GALVEZ,271629,222644
2026-04-14 23:39,0.854665,YONHY LESCANO ANCIETA,216399,193135
2026-04-14 23:39,0.854665,CESAR ACUÑA PERALTA,195109,160768
2026-04-14 23:39,0.854665,PITTER ENRIQUE VALDERRAMA PEÑA,161308,139162
2026-04-14 23:39,0.854665,GEORGE PATRICK FORSYTH SOMMER,154385,128131
2026-04-14 23:39,0.854665,HERBERT CALLER GUTIERREZ,146050,124264
2026-04-14 23:39,0.854665,MARIO ENRIQUE VIZCARRA CORNEJO,144474,122298
2026-04-14 23:39,0.854665,RONALD DARWIN ATENCIO SOTOMAYOR,141298,120876
2026-04-14 23:39,0.854665,ROSARIO DEL PILAR FERNANDEZ BAZAN,128780,107597
2026-04-14 23:39,0.854665,CHARLIE CARRASCO SALAZAR,119842,101967
2026-04-14 23:39,0.854665,VLADIMIR ROY CERRON ROJAS,101820,85530
2026-04-14 23:39,0.854665,MESIAS ANTONIO GUEVARA AMASIFUEN,83201,72283
2026-04-14 23:39,0.854665,ROBERTO ENRIQUE CHIABRA LEON,69867,59547
2026-04-14 23:39,0.854665,PAUL DAVIS JAIMES BLANCO,67915,57446
2026-04-14 23:39,0.854665,ALEX GONZALES CASTILLO,65944,54037
2026-04-14 23:39,0.854665,WOLFGANG MARIO GROZO COSTA,64812,56132
2026-04-14 23:39,0.854665,RAFAEL JORGE BELAUNDE LLOSA,42251,35397
2026-04-14 23:39,0.854665,JOSE DANIEL WILLIAMS ZAPATA,33862,28193
2026-04-14 23:39,0.854665,FRANCISCO ERNESTO DIEZ-CANSECO TÁVARA,33024,26929
2026-04-14 23:39,0.854665,FIORELLA GIANNINA MOLINELLI ARISTONDO,28774,23545
2026-04-14 23:39,0.854665,ALVARO GONZALO PAZ DE LA BARRA FREIGEIRO,24665,19944
2026-04-14 23:39,0.854665,ARMANDO JOAQUIN MASSE FERNANDEZ,22897,18651
2026-04-14 23:39,0.854665,ANTONIO ORTIZ VILLANO,18947,14693
2026-04-14 23:39,0.854665,WALTER GILMER CHIRINOS PURIZAGA,15634,12287
2026-04-14 23:39,0.854665,NAPOLEON BECERRA GARCIA,12500,9821
2026-04-14 23:39,0.854665,CARLOS ERNESTO JAICO CARRANZA,10851,8373
2026-04-15 00:52,0.869608,KEIKO SOFIA FUJIMORI HIGUCHI,2891390,2489152
2026-04-15 00:52,0.869608,VOTOS EN BLANCO,2362391,1983499
2026-04-15 00:52,0.869608,ROBERTO HELBERT SANCHEZ PALOMINO,2041286,1721904
2026-04-15 00:52,0.869608,RAFAEL BERNARDO LÓPEZ ALIAGA CAZORLA,2017165,1785744
2026-04-15 00:52,0.869608,JORGE NIETO MONTESINOS,1847333,1663854
2026-04-15 00:52,0.869608,RICARDO PABLO BELMONT CASSINELLI,1702729,1499335
2026-04-15 00:52,0.869608,CARLOS GONSALO ALVAREZ LOAYZA,1334689,1161171
2026-04-15 00:52,0.869608,PABLO ALFONSO LOPEZ CHAU NAVA,1227876,1102170
2026-04-15 00:52,0.869608,VOTOS NULOS,1017991,869045
2026-04-15 00:52,0.869608,MARIA SOLEDAD PEREZ TELLO,575366,514922
2026-04-15 00:52,0.869608,ALFONSO CARLOS ESPA Y GARCES-ALVEAR,563206,507526
2026-04-15 00:52,0.869608,LUIS FERNANDO OLIVERA VEGA,308772,277534
2026-04-15 00:52,0.869608,JOSE LEON LUNA GALVEZ,270242,228925
2026-04-15 00:52,0.869608,YONHY LESCANO ANCIETA,215934,197144
2026-04-15 00:52,0.869608,CESAR ACUÑA PERALTA,195704,164744
2026-04-15 00:52,0.869608,PITTER ENRIQUE VALDERRAMA PEÑA,161918,141572
2026-04-15 00:52,0.869608,GEORGE PATRICK FORSYTH SOMMER,154570,130303
2026-04-15 00:52,0.869608,HERBERT CALLER GUTIERREZ,145920,126542
2026-04-15 00:52,0.869608,MARIO ENRIQUE VIZCARRA CORNEJO,145033,124708
2026-04-15 00:52,0.869608,RONALD DARWIN ATENCIO SOTOMAYOR,142171,125096
2026-04-15 00:52,0.869608,ROSARIO DEL PILAR FERNANDEZ BAZAN,129085,110019
2026-04-15 00:52,0.869608,CHARLIE CARRASCO SALAZAR,119971,104589
2026-04-15 00:52,0.869608,VLADIMIR ROY CERRON ROJAS,101613,87561
2026-04-15 00:52,0.869608,MESIAS ANTONIO GUEVARA AMASIFUEN,82953,73069
2026-04-15 00:52,0.869608,ROBERTO ENRIQUE CHIABRA LEON,69711,60146
2026-04-15 00:52,0.869608,PAUL DAVIS JAIMES BLANCO,67556,58254
2026-04-15 00:52,0.869608,ALEX GONZALES CASTILLO,65583,55177
2026-04-15 00:52,0.869608,WOLFGANG MARIO GROZO COSTA,64839,56763
2026-04-15 00:52,0.869608,RAFAEL JORGE BELAUNDE LLOSA,41950,35839
2026-04-15 00:52,0.869608,JOSE DANIEL WILLIAMS ZAPATA,33694,28627
2026-04-15 00:52,0.869608,FRANCISCO ERNESTO DIEZ-CANSECO TÁVARA,32704,27405
2026-04-15 00:52,0.869608,FIORELLA GIANNINA MOLINELLI ARISTONDO,28514,23986
2026-04-15 00:52,0.869608,ALVARO GONZALO PAZ DE LA BARRA FREIGEIRO,24474,20349
2026-04-15 00:52,0.869608,ARMANDO JOAQUIN MASSE FERNANDEZ,22577,18938
2026-04-15 00:52,0.869608,ANTONIO ORTIZ VILLANO,18669,15087
2026-04-15 00:52,0.869608,WALTER GILMER CHIRINOS PURIZAGA,15340,12516
2026-04-15 00:52,0.869608,NAPOLEON BECERRA GARCIA,12270,9998
2026-04-15 00:52,0.869608,CARLOS ERNESTO JAICO CARRANZA,10649,8530
2026-04-15 09:35,0.91153,KEIKO SOFIA FUJIMORI HIGUCHI,2883038,2611498
2026-04-15 09:35,0.91153,VOTOS EN BLANCO,2379640,2130386
2026-04-15 09:35,0.91153,ROBERTO HELBERT SANCHEZ PALOMINO,2018157,1851630
2026-04-15 09:35,0.91153,RAFAEL BERNARDO LÓPEZ ALIAGA CAZORLA,2004534,1827268
2026-04-15 09:35,0.91153,JORGE NIETO MONTESINOS,1845400,1703427
2026-04-15 09:35,0.91153,RICARDO PABLO BELMONT CASSINELLI,1702546,1562174
2026-04-15 09:35,0.91153,CARLOS GONSALO ALVAREZ LOAYZA,1331633,1204541
2026-04-15 09:35,0.91153,PABLO ALFONSO LOPEZ CHAU NAVA,1227117,1134133
2026-04-15 09:35,0.91153,VOTOS NULOS,1014588,920069
2026-04-15 09:35,0.91153,MARIA SOLEDAD PEREZ TELLO,574364,528497
2026-04-15 09:35,0.91153,ALFONSO CARLOS ESPA Y GARCES-ALVEAR,562997,521585
2026-04-15 09:35,0.91153,LUIS FERNANDO OLIVERA VEGA,308701,286019
2026-04-15 09:35,0.91153,JOSE LEON LUNA GALVEZ,266972,244039
2026-04-15 09:35,0.91153,YONHY LESCANO ANCIETA,215963,202230
2026-04-15 09:35,0.91153,CESAR ACUÑA PERALTA,194767,173517
2026-04-15 09:35,0.91153,PITTER ENRIQUE VALDERRAMA PEÑA,161792,147088
2026-04-15 09:35,0.91153,GEORGE PATRICK FORSYTH SOMMER,153689,137145
2026-04-15 09:35,0.91153,HERBERT CALLER GUTIERREZ,144933,132727
2026-04-15 09:35,0.91153,MARIO ENRIQUE VIZCARRA CORNEJO,144932,131843
2026-04-15 09:35,0.91153,RONALD DARWIN ATENCIO SOTOMAYOR,141176,130147
2026-04-15 09:35,0.91153,ROSARIO DEL PILAR FERNANDEZ BAZAN,128653,113617
2026-04-15 09:35,0.91153,CHARLIE CARRASCO SALAZAR,119028,109321
2026-04-15 09:35,0.91153,VLADIMIR ROY CERRON ROJAS,100958,91995
2026-04-15 09:35,0.91153,MESIAS ANTONIO GUEVARA AMASIFUEN,82547,75459
2026-04-15 09:35,0.91153,ROBERTO ENRIQUE CHIABRA LEON,69006,62004
2026-04-15 09:35,0.91153,PAUL DAVIS JAIMES BLANCO,66695,60707
2026-04-15 09:35,0.91153,ALEX GONZALES CASTILLO,64655,58082
2026-04-15 09:35,0.91153,WOLFGANG MARIO GROZO COSTA,64279,58548
2026-04-15 09:35,0.91153,RAFAEL JORGE BELAUNDE LLOSA,41340,37326
2026-04-15 09:35,0.91153,JOSE DANIEL WILLIAMS ZAPATA,33227,30006
2026-04-15 09:35,0.91153,FRANCISCO ERNESTO DIEZ-CANSECO TÁVARA,32003,28730
2026-04-15 09:35,0.91153,FIORELLA GIANNINA MOLINELLI ARISTONDO,27807,24966
2026-04-15 09:35,0.91153,ALVARO GONZALO PAZ DE LA BARRA FREIGEIRO,23751,21306
2026-04-15 09:35,0.91153,ARMANDO JOAQUIN MASSE FERNANDEZ,22107,19930
2026-04-15 09:35,0.91153,ANTONIO ORTIZ VILLANO,18041,16016
2026-04-15 09:35,0.91153,WALTER GILMER CHIRINOS PURIZAGA,15025,13234
2026-04-15 09:35,0.91153,NAPOLEON BECERRA GARCIA,11962,10420
2026-04-15 09:35,0.91153,CARLOS ERNESTO JAICO CARRANZA,10252,8851
2026-04-15 10:46,0.913697,KEIKO SOFIA FUJIMORI HIGUCHI,2885191,2620016
2026-04-15 10:46,0.913697,VOTOS EN BLANCO,2372121,2132391
2026-04-15 10:46,0.913697,ROBERTO HELBERT SANCHEZ PALOMINO,2016928,1857747
2026-04-15 10:46,0.913697,RAFAEL BERNARDO LÓPEZ ALIAGA CAZORLA,2005554,1829314
2026-04-15 10:46,0.913697,JORGE NIETO MONTESINOS,1846480,1706164
2026-04-15 10:46,0.913697,RICARDO PABLO BELMONT CASSINELLI,1703716,1565562
2026-04-15 10:46,0.913697,CARLOS GONSALO ALVAREZ LOAYZA,1331732,1208239
2026-04-15 10:46,0.913697,PABLO ALFONSO LOPEZ CHAU NAVA,1227495,1135828
2026-04-15 10:46,0.913697,VOTOS NULOS,1014967,922943
2026-04-15 10:46,0.913697,MARIA SOLEDAD PEREZ TELLO,574780,529470
2026-04-15 10:46,0.913697,ALFONSO CARLOS ESPA Y GARCES-ALVEAR,563430,522535
2026-04-15 10:46,0.913697,LUIS FERNANDO OLIVERA VEGA,308537,286431
2026-04-15 10:46,0.913697,JOSE LEON LUNA GALVEZ,266913,244778
2026-04-15 10:46,0.913697,YONHY LESCANO ANCIETA,215719,202468
2026-04-15 10:46,0.913697,CESAR ACUÑA PERALTA,194562,173963
2026-04-15 10:46,0.913697,PITTER ENRIQUE VALDERRAMA PEÑA,161885,147421
2026-04-15 10:46,0.913697,GEORGE PATRICK FORSYTH SOMMER,153656,137594
2026-04-15 10:46,0.913697,MARIO ENRIQUE VIZCARRA CORNEJO,145077,132339
2026-04-15 10:46,0.913697,HERBERT CALLER GUTIERREZ,144777,133012
2026-04-15 10:46,0.913697,RONALD DARWIN ATENCIO SOTOMAYOR,141084,130325
2026-04-15 10:46,0.913697,ROSARIO DEL PILAR FERNANDEZ BAZAN,128680,113867
2026-04-15 10:46,0.913697,CHARLIE CARRASCO SALAZAR,118924,109501
2026-04-15 10:46,0.913697,VLADIMIR ROY CERRON ROJAS,100700,92164
2026-04-15 10:46,0.913697,MESIAS ANTONIO GUEVARA AMASIFUEN,82478,75606
2026-04-15 10:46,0.913697,ROBERTO ENRIQUE CHIABRA LEON,68880,62168
2026-04-15 10:46,0.913697,PAUL DAVIS JAIMES BLANCO,66606,60819
2026-04-15 10:46,0.913697,ALEX GONZALES CASTILLO,64658,58256
2026-04-15 10:46,0.913697,WOLFGANG MARIO GROZO COSTA,64228,58660
2026-04-15 10:46,0.913697,RAFAEL JORGE BELAUNDE LLOSA,41399,37476
2026-04-15 10:46,0.913697,JOSE DANIEL WILLIAMS ZAPATA,33145,30077
2026-04-15 10:46,0.913697,FRANCISCO ERNESTO DIEZ-CANSECO TÁVARA,31986,28812
2026-04-15 10:46,0.913697,FIORELLA GIANNINA MOLINELLI ARISTONDO,27684,25023
2026-04-15 10:46,0.913697,ALVARO GONZALO PAZ DE LA BARRA FREIGEIRO,23688,21354
2026-04-15 10:46,0.913697,ARMANDO JOAQUIN MASSE FERNANDEZ,22025,19970
2026-04-15 10:46,0.913697,ANTONIO ORTIZ VILLANO,17947,16047
2026-04-15 10:46,0.913697,WALTER GILMER CHIRINOS PURIZAGA,14979,13274
2026-04-15 10:46,0.913697,NAPOLEON BECERRA GARCIA,11836,10455
2026-04-15 10:46,0.913697,CARLOS ERNESTO JAICO CARRANZA,10189,8875
2026-04-15 11:42,0.915608,KEIKO SOFIA FUJIMORI HIGUCHI,2885729,2628019
2026-04-15 11:42,0.915608,VOTOS EN BLANCO,2376698,2141236
2026-04-15 11:42,0.915608,ROBERTO HELBERT SANCHEZ PALOMINO,2016306,1860511
2026-04-15 11:42,0.915608,RAFAEL BERNARDO LÓPEZ ALIAGA CAZORLA,2004714,1830821
2026-04-15 11:42,0.915608,JORGE NIETO MONTESINOS,1845567,1707975
2026-04-15 11:42,0.915608,RICARDO PABLO BELMONT CASSINELLI,1703424,1567863
2026-04-15 11:42,0.915608,CARLOS GONSALO ALVAREZ LOAYZA,1332712,1211946
2026-04-15 11:42,0.915608,PABLO ALFONSO LOPEZ CHAU NAVA,1227209,1137103
2026-04-15 11:42,0.915608,VOTOS NULOS,1014204,925208
2026-04-15 11:42,0.915608,MARIA SOLEDAD PEREZ TELLO,574422,530135
2026-04-15 11:42,0.915608,ALFONSO CARLOS ESPA Y GARCES-ALVEAR,563105,523160
2026-04-15 11:42,0.915608,LUIS FERNANDO OLIVERA VEGA,308530,286809
2026-04-15 11:42,0.915608,JOSE LEON LUNA GALVEZ,266983,245400
2026-04-15 11:42,0.915608,YONHY LESCANO ANCIETA,215684,202660
2026-04-15 11:42,0.915608,CESAR ACUÑA PERALTA,194045,174512
2026-04-15 11:42,0.915608,PITTER ENRIQUE VALDERRAMA PEÑA,161847,147738
2026-04-15 11:42,0.915608,GEORGE PATRICK FORSYTH SOMMER,153902,138174
2026-04-15 11:42,0.915608,MARIO ENRIQUE VIZCARRA CORNEJO,145011,132675
2026-04-15 11:42,0.915608,HERBERT CALLER GUTIERREZ,144735,133260
2026-04-15 11:42,0.915608,RONALD DARWIN ATENCIO SOTOMAYOR,141011,130487
2026-04-15 11:42,0.915608,ROSARIO DEL PILAR FERNANDEZ BAZAN,128565,114185
2026-04-15 11:42,0.915608,CHARLIE CARRASCO SALAZAR,118853,109635
2026-04-15 11:42,0.915608,VLADIMIR ROY CERRON ROJAS,100635,92308
2026-04-15 11:42,0.915608,MESIAS ANTONIO GUEVARA AMASIFUEN,82410,75712
2026-04-15 11:42,0.915608,ROBERTO ENRIQUE CHIABRA LEON,68716,62307
2026-04-15 11:42,0.915608,PAUL DAVIS JAIMES BLANCO,66505,60888
2026-04-15 11:42,0.915608,ALEX GONZALES CASTILLO,64574,58361
2026-04-15 11:42,0.915608,WOLFGANG MARIO GROZO COSTA,64176,58764
2026-04-15 11:42,0.915608,RAFAEL JORGE BELAUNDE LLOSA,41339,37539
2026-04-15 11:42,0.915608,JOSE DANIEL WILLIAMS ZAPATA,33099,30151
2026-04-15 11:42,0.915608,FRANCISCO ERNESTO DIEZ-CANSECO TÁVARA,31942,28866
2026-04-15 11:42,0.915608,FIORELLA GIANNINA MOLINELLI ARISTONDO,27602,25064
2026-04-15 11:42,0.915608,ALVARO GONZALO PAZ DE LA BARRA FREIGEIRO,23660,21392
2026-04-15 11:42,0.915608,ARMANDO JOAQUIN MASSE FERNANDEZ,21988,20009
2026-04-15 11:42,0.915608,ANTONIO ORTIZ VILLANO,17922,16078
2026-04-15 11:42,0.915608,WALTER GILMER CHIRINOS PURIZAGA,14933,13304
2026-04-15 11:42,0.915608,NAPOLEON BECERRA GARCIA,11816,10481
2026-04-15 11:42,0.915608,CARLOS ERNESTO JAICO CARRANZA,10155,8888
2026-04-15 13:28,0.918148,KEIKO SOFIA FUJIMORI HIGUCHI,2883936,2634896
2026-04-15 13:28,0.918148,VOTOS EN BLANCO,2374730,2149082
2026-04-15 13:28,0.918148,ROBERTO HELBERT SANCHEZ PALOMINO,2014439,1866381
2026-04-15 13:28,0.918148,RAFAEL BERNARDO LÓPEZ ALIAGA CAZORLA,2004241,1832382
2026-04-15 13:28,0.918148,JORGE NIETO MONTESINOS,1845233,1709565
2026-04-15 13:28,0.918148,RICARDO PABLO BELMONT CASSINELLI,1703063,1570276
2026-04-15 13:28,0.918148,CARLOS GONSALO ALVAREZ LOAYZA,1332195,1214525
2026-04-15 13:28,0.918148,PABLO ALFONSO LOPEZ CHAU NAVA,1226642,1138201
2026-04-15 13:28,0.918148,VOTOS NULOS,1012750,927561
2026-04-15 13:28,0.918148,MARIA SOLEDAD PEREZ TELLO,574233,530630
2026-04-15 13:28,0.918148,ALFONSO CARLOS ESPA Y GARCES-ALVEAR,563005,523785
2026-04-15 13:28,0.918148,LUIS FERNANDO OLIVERA VEGA,308371,287122
2026-04-15 13:28,0.918148,JOSE LEON LUNA GALVEZ,266782,245998
2026-04-15 13:28,0.918148,YONHY LESCANO ANCIETA,215333,202819
2026-04-15 13:28,0.918148,CESAR ACUÑA PERALTA,192908,175296
2026-04-15 13:28,0.918148,PITTER ENRIQUE VALDERRAMA PEÑA,161816,148052
2026-04-15 13:28,0.918148,GEORGE PATRICK FORSYTH SOMMER,153686,138676
2026-04-15 13:28,0.918148,MARIO ENRIQUE VIZCARRA CORNEJO,144727,133117
2026-04-15 13:28,0.918148,HERBERT CALLER GUTIERREZ,144551,133522
2026-04-15 13:28,0.918148,RONALD DARWIN ATENCIO SOTOMAYOR,140679,130686
2026-04-15 13:28,0.918148,ROSARIO DEL PILAR FERNANDEZ BAZAN,128561,114694
2026-04-15 13:28,0.918148,CHARLIE CARRASCO SALAZAR,118792,109864
2026-04-15 13:28,0.918148,VLADIMIR ROY CERRON ROJAS,100461,92504
2026-04-15 13:28,0.918148,MESIAS ANTONIO GUEVARA AMASIFUEN,82362,75847
2026-04-15 13:28,0.918148,ROBERTO ENRIQUE CHIABRA LEON,68541,62436
2026-04-15 13:28,0.918148,PAUL DAVIS JAIMES BLANCO,66448,60982
2026-04-15 13:28,0.918148,ALEX GONZALES CASTILLO,64445,58490
2026-04-15 13:28,0.918148,WOLFGANG MARIO GROZO COSTA,64121,58842
2026-04-15 13:28,0.918148,RAFAEL JORGE BELAUNDE LLOSA,41293,37589
2026-04-15 13:28,0.918148,JOSE DANIEL WILLIAMS ZAPATA,33050,30237
2026-04-15 13:28,0.918148,FRANCISCO ERNESTO DIEZ-CANSECO TÁVARA,31882,28910
2026-04-15 13:28,0.918148,FIORELLA GIANNINA MOLINELLI ARISTONDO,27586,25119
2026-04-15 13:28,0.918148,ALVARO GONZALO PAZ DE LA BARRA FREIGEIRO,23634,21438
2026-04-15 13:28,0.918148,ARMANDO JOAQUIN MASSE FERNANDEZ,21943,20045
2026-04-15 13:28,0.918148,ANTONIO ORTIZ VILLANO,17861,16127
2026-04-15 13:28,0.918148,WALTER GILMER CHIRINOS PURIZAGA,14901,13334
2026-04-15 13:28,0.918148,NAPOLEON BECERRA GARCIA,11774,10491
2026-04-15 13:28,0.918148,CARLOS ERNESTO JAICO CARRANZA,10125,8920
2026-04-15 16:33,0.919235,KEIKO SOFIA FUJIMORI HIGUCHI,2884085,2637924
2026-04-15 16:33,0.919235,VOTOS EN BLANCO,2375052,2152025
2026-04-15 16:33,0.919235,ROBERTO HELBERT SANCHEZ PALOMINO,2014160,1869284
2026-04-15 16:33,0.919235,RAFAEL BERNARDO LÓPEZ ALIAGA CAZORLA,2004280,1833942
2026-04-15 16:33,0.919235,JORGE NIETO MONTESINOS,1845200,1711499
2026-04-15 16:33,0.919235,RICARDO PABLO BELMONT CASSINELLI,1703103,1571804
2026-04-15 16:33,0.919235,CARLOS GONSALO ALVAREZ LOAYZA,1332172,1215830
2026-04-15 16:33,0.919235,PABLO ALFONSO LOPEZ CHAU NAVA,1226665,1139287
2026-04-15 16:33,0.919235,VOTOS NULOS,1012772,928657
2026-04-15 16:33,0.919235,MARIA SOLEDAD PEREZ TELLO,574276,531231
2026-04-15 16:33,0.919235,ALFONSO CARLOS ESPA Y GARCES-ALVEAR,563021,524405
2026-04-15 16:33,0.919235,LUIS FERNANDO OLIVERA VEGA,308328,287411
2026-04-15 16:33,0.919235,JOSE LEON LUNA GALVEZ,266758,246296
2026-04-15 16:33,0.919235,YONHY LESCANO ANCIETA,215265,202986
2026-04-15 16:33,0.919235,CESAR ACUÑA PERALTA,193045,175602
2026-04-15 16:33,0.919235,PITTER ENRIQUE VALDERRAMA PEÑA,161844,148302
2026-04-15 16:33,0.919235,GEORGE PATRICK FORSYTH SOMMER,153727,138862
2026-04-15 16:33,0.919235,MARIO ENRIQUE VIZCARRA CORNEJO,144715,133253
2026-04-15 16:33,0.919235,HERBERT CALLER GUTIERREZ,144533,133667
2026-04-15 16:33,0.919235,RONALD DARWIN ATENCIO SOTOMAYOR,140689,130884
2026-04-15 16:33,0.919235,ROSARIO DEL PILAR FERNANDEZ BAZAN,128511,115228
2026-04-15 16:33,0.919235,CHARLIE CARRASCO SALAZAR,118792,109965
2026-04-15 16:33,0.919235,VLADIMIR ROY CERRON ROJAS,100457,92599
2026-04-15 16:33,0.919235,MESIAS ANTONIO GUEVARA AMASIFUEN,82340,75935
2026-04-15 16:33,0.919235,ROBERTO ENRIQUE CHIABRA LEON,68500,62498
2026-04-15 16:33,0.919235,PAUL DAVIS JAIMES BLANCO,66435,61046
2026-04-15 16:33,0.919235,ALEX GONZALES CASTILLO,64447,58580
2026-04-15 16:33,0.919235,WOLFGANG MARIO GROZO COSTA,64086,58913
2026-04-15 16:33,0.919235,RAFAEL JORGE BELAUNDE LLOSA,41295,37643
2026-04-15 16:33,0.919235,JOSE DANIEL WILLIAMS ZAPATA,33024,30270
2026-04-15 16:33,0.919235,FRANCISCO ERNESTO DIEZ-CANSECO TÁVARA,31864,28941
2026-04-15 16:33,0.919235,FIORELLA GIANNINA MOLINELLI ARISTONDO,27556,25145
2026-04-15 16:33,0.919235,ALVARO GONZALO PAZ DE LA BARRA FREIGEIRO,23608,21458
2026-04-15 16:33,0.919235,ARMANDO JOAQUIN MASSE FERNANDEZ,21913,20074
2026-04-15 16:33,0.919235,ANTONIO ORTIZ VILLANO,17835,16142
2026-04-15 16:33,0.919235,WALTER GILMER CHIRINOS PURIZAGA,14878,13350
2026-04-15 16:33,0.919235,NAPOLEON BECERRA GARCIA,11753,10500
2026-04-15 16:33,0.919235,CARLOS ERNESTO JAICO CARRANZA,10096,8928
2026-04-15 21:03,0.922547,KEIKO SOFIA FUJIMORI HIGUCHI,2883389,2647285
2026-04-15 21:03,0.922547,VOTOS EN BLANCO,2376030,2161536
2026-04-15 21:03,0.922547,ROBERTO HELBERT SANCHEZ PALOMINO,2014822,1873463
2026-04-15 21:03,0.922547,RAFAEL BERNARDO LÓPEZ ALIAGA CAZORLA,2003152,1841149
2026-04-15 21:03,0.922547,JORGE NIETO MONTESINOS,1844744,1717084
2026-04-15 21:03,0.922547,RICARDO PABLO BELMONT CASSINELLI,1701599,1576163
2026-04-15 21:03,0.922547,CARLOS GONSALO ALVAREZ LOAYZA,1331977,1220573
2026-04-15 21:03,0.922547,PABLO ALFONSO LOPEZ CHAU NAVA,1226485,1142307
2026-04-15 21:03,0.922547,VOTOS NULOS,1012281,931660
2026-04-15 21:03,0.922547,MARIA SOLEDAD PEREZ TELLO,573842,532965
2026-04-15 21:03,0.922547,ALFONSO CARLOS ESPA Y GARCES-ALVEAR,562951,525832
2026-04-15 21:03,0.922547,LUIS FERNANDO OLIVERA VEGA,308147,288132
2026-04-15 21:03,0.922547,JOSE LEON LUNA GALVEZ,266758,246925
2026-04-15 21:03,0.922547,YONHY LESCANO ANCIETA,215278,203259
2026-04-15 21:03,0.922547,CESAR ACUÑA PERALTA,192870,176229
2026-04-15 21:03,0.922547,PITTER ENRIQUE VALDERRAMA PEÑA,161880,149034
2026-04-15 21:03,0.922547,GEORGE PATRICK FORSYTH SOMMER,153624,139273
2026-04-15 21:03,0.922547,MARIO ENRIQUE VIZCARRA CORNEJO,144621,133667
2026-04-15 21:03,0.922547,HERBERT CALLER GUTIERREZ,144503,134015
2026-04-15 21:03,0.922547,RONALD DARWIN ATENCIO SOTOMAYOR,140531,131199
2026-04-15 21:03,0.922547,ROSARIO DEL PILAR FERNANDEZ BAZAN,128666,116612
2026-04-15 21:03,0.922547,CHARLIE CARRASCO SALAZAR,118967,110260
2026-04-15 21:03,0.922547,VLADIMIR ROY CERRON ROJAS,100367,92796
2026-04-15 21:03,0.922547,MESIAS ANTONIO GUEVARA AMASIFUEN,82278,76179
2026-04-15 21:03,0.922547,ROBERTO ENRIQUE CHIABRA LEON,68342,62711
2026-04-15 21:03,0.922547,PAUL DAVIS JAIMES BLANCO,66289,61200
2026-04-15 21:03,0.922547,ALEX GONZALES CASTILLO,64337,58772
2026-04-15 21:03,0.922547,WOLFGANG MARIO GROZO COSTA,63998,59087
2026-04-15 21:03,0.922547,RAFAEL JORGE BELAUNDE LLOSA,41225,37765
2026-04-15 21:03,0.922547,JOSE DANIEL WILLIAMS ZAPATA,32929,30353
2026-04-15 21:03,0.922547,FRANCISCO ERNESTO DIEZ-CANSECO TÁVARA,31726,29025
2026-04-15 21:03,0.922547,FIORELLA GIANNINA MOLINELLI ARISTONDO,27482,25206
2026-04-15 21:03,0.922547,ALVARO GONZALO PAZ DE LA BARRA FREIGEIRO,23561,21534
2026-04-15 21:03,0.922547,ARMANDO JOAQUIN MASSE FERNANDEZ,21880,20125
2026-04-15 21:03,0.922547,ANTONIO ORTIZ VILLANO,17798,16205
2026-04-15 21:03,0.922547,WALTER GILMER CHIRINOS PURIZAGA,14824,13389
2026-04-15 21:03,0.922547,NAPOLEON BECERRA GARCIA,11705,10541
2026-04-15 21:03,0.922547,CARLOS ERNESTO JAICO CARRANZA,10068,8964
2026-04-15 22:34,0.923946,KEIKO SOFIA FUJIMORI HIGUCHI,2883376,2651479
2026-04-15 22:34,0.923946,VOTOS EN BLANCO,2375513,2164752
2026-04-15 22:34,0.923946,ROBERTO HELBERT SANCHEZ PALOMINO,2014896,1874525
2026-04-15 22:34,0.923946,RAFAEL BERNARDO LÓPEZ ALIAGA CAZORLA,2003102,1844599
2026-04-15 22:34,0.923946,JORGE NIETO MONTESINOS,1844762,1719955
2026-04-15 22:34,0.923946,RICARDO PABLO BELMONT CASSINELLI,1701748,1578790
2026-04-15 22:34,0.923946,CARLOS GONSALO ALVAREZ LOAYZA,1331822,1223132
2026-04-15 22:34,0.923946,PABLO ALFONSO LOPEZ CHAU NAVA,1226475,1143734
2026-04-15 22:34,0.923946,VOTOS NULOS,1012216,933135
2026-04-15 22:34,0.923946,MARIA SOLEDAD PEREZ TELLO,573761,533849
2026-04-15 22:34,0.923946,ALFONSO CARLOS ESPA Y GARCES-ALVEAR,563129,526696
2026-04-15 22:34,0.923946,LUIS FERNANDO OLIVERA VEGA,308239,288541
2026-04-15 22:34,0.923946,JOSE LEON LUNA GALVEZ,266804,247172
2026-04-15 22:34,0.923946,YONHY LESCANO ANCIETA,215331,203401
2026-04-15 22:34,0.923946,CESAR ACUÑA PERALTA,192945,176492
2026-04-15 22:34,0.923946,PITTER ENRIQUE VALDERRAMA PEÑA,161888,149257
2026-04-15 22:34,0.923946,GEORGE PATRICK FORSYTH SOMMER,153624,139458
2026-04-15 22:34,0.923946,MARIO ENRIQUE VIZCARRA CORNEJO,144660,133827
2026-04-15 22:34,0.923946,HERBERT CALLER GUTIERREZ,144557,134192
2026-04-15 22:34,0.923946,RONALD DARWIN ATENCIO SOTOMAYOR,140528,131309
2026-04-15 22:34,0.923946,ROSARIO DEL PILAR FERNANDEZ BAZAN,128619,116953
2026-04-15 22:34,0.923946,CHARLIE CARRASCO SALAZAR,118955,110392
2026-04-15 22:34,0.923946,VLADIMIR ROY CERRON ROJAS,100367,92884
2026-04-15 22:34,0.923946,MESIAS ANTONIO GUEVARA AMASIFUEN,82318,76304
2026-04-15 22:34,0.923946,ROBERTO ENRIQUE CHIABRA LEON,68228,62791
2026-04-15 22:34,0.923946,PAUL DAVIS JAIMES BLANCO,66292,61278
2026-04-15 22:34,0.923946,ALEX GONZALES CASTILLO,64294,58852
2026-04-15 22:34,0.923946,WOLFGANG MARIO GROZO COSTA,63986,59184
2026-04-15 22:34,0.923946,RAFAEL JORGE BELAUNDE LLOSA,41191,37831
2026-04-15 22:34,0.923946,JOSE DANIEL WILLIAMS ZAPATA,32917,30396
2026-04-15 22:34,0.923946,FRANCISCO ERNESTO DIEZ-CANSECO TÁVARA,31697,29067
2026-04-15 22:34,0.923946,FIORELLA GIANNINA MOLINELLI ARISTONDO,27467,25230
2026-04-15 22:34,0.923946,ALVARO GONZALO PAZ DE LA BARRA FREIGEIRO,23534,21552
2026-04-15 22:34,0.923946,ARMANDO JOAQUIN MASSE FERNANDEZ,21876,20143
2026-04-15 22:34,0.923946,ANTONIO ORTIZ VILLANO,17802,16225
2026-04-15 22:34,0.923946,WALTER GILMER CHIRINOS PURIZAGA,14842,13414
2026-04-15 22:34,0.923946,NAPOLEON BECERRA GARCIA,11677,10554
2026-04-15 22:34,0.923946,CARLOS ERNESTO JAICO CARRANZA,10063,8980
2026-04-15 22:51,0.924197,KEIKO SOFIA FUJIMORI HIGUCHI,2883025,2651943
2026-04-15 22:51,0.924197,VOTOS EN BLANCO,2377167,2166659
2026-04-15 22:51,0.924197,ROBERTO HELBERT SANCHEZ PALOMINO,2015027,1874993
2026-04-15 22:51,0.924197,RAFAEL BERNARDO LÓPEZ ALIAGA CAZORLA,2002681,1844981
2026-04-15 22:51,0.924197,JORGE NIETO MONTESINOS,1844385,1720240
2026-04-15 22:51,0.924197,RICARDO PABLO BELMONT CASSINELLI,1701601,1579012
2026-04-15 22:51,0.924197,CARLOS GONSALO ALVAREZ LOAYZA,1331666,1223360
2026-04-15 22:51,0.924197,PABLO ALFONSO LOPEZ CHAU NAVA,1226338,1143869
2026-04-15 22:51,0.924197,VOTOS NULOS,1012307,933427
2026-04-15 22:51,0.924197,MARIA SOLEDAD PEREZ TELLO,573710,533958
2026-04-15 22:51,0.924197,ALFONSO CARLOS ESPA Y GARCES-ALVEAR,563046,526780
2026-04-15 22:51,0.924197,LUIS FERNANDO OLIVERA VEGA,308209,288576
2026-04-15 22:51,0.924197,JOSE LEON LUNA GALVEZ,266811,247228
2026-04-15 22:51,0.924197,YONHY LESCANO ANCIETA,215315,203414
2026-04-15 22:51,0.924197,CESAR ACUÑA PERALTA,192971,176619
2026-04-15 22:51,0.924197,PITTER ENRIQUE VALDERRAMA PEÑA,161861,149276
2026-04-15 22:51,0.924197,GEORGE PATRICK FORSYTH SOMMER,153627,139513
2026-04-15 22:51,0.924197,MARIO ENRIQUE VIZCARRA CORNEJO,144701,133900
2026-04-15 22:51,0.924197,HERBERT CALLER GUTIERREZ,144560,134223
2026-04-15 22:51,0.924197,RONALD DARWIN ATENCIO SOTOMAYOR,140526,131327
2026-04-15 22:51,0.924197,ROSARIO DEL PILAR FERNANDEZ BAZAN,128607,116970
2026-04-15 22:51,0.924197,CHARLIE CARRASCO SALAZAR,118942,110401
2026-04-15 22:51,0.924197,VLADIMIR ROY CERRON ROJAS,100376,92907
2026-04-15 22:51,0.924197,MESIAS ANTONIO GUEVARA AMASIFUEN,82306,76316
2026-04-15 22:51,0.924197,ROBERTO ENRIQUE CHIABRA LEON,68227,62811
2026-04-15 22:51,0.924197,PAUL DAVIS JAIMES BLANCO,66289,61291
2026-04-15 22:51,0.924197,ALEX GONZALES CASTILLO,64291,58864
2026-04-15 22:51,0.924197,WOLFGANG MARIO GROZO COSTA,63978,59198
2026-04-15 22:51,0.924197,RAFAEL JORGE BELAUNDE LLOSA,41188,37839
2026-04-15 22:51,0.924197,JOSE DANIEL WILLIAMS ZAPATA,32914,30400
2026-04-15 22:51,0.924197,FRANCISCO ERNESTO DIEZ-CANSECO TÁVARA,31695,29071
2026-04-15 22:51,0.924197,FIORELLA GIANNINA MOLINELLI ARISTONDO,27464,25234
2026-04-15 22:51,0.924197,ALVARO GONZALO PAZ DE LA BARRA FREIGEIRO,23529,21554
2026-04-15 22:51,0.924197,ARMANDO JOAQUIN MASSE FERNANDEZ,21877,20144
2026-04-15 22:51,0.924197,ANTONIO ORTIZ VILLANO,17815,16240
2026-04-15 22:51,0.924197,WALTER GILMER CHIRINOS PURIZAGA,14839,13415
2026-04-15 22:51,0.924197,NAPOLEON BECERRA GARCIA,11677,10556
2026-04-15 22:51,0.924197,CARLOS ERNESTO JAICO CARRANZA,10060,8983
2026-04-15 23:57,0.924529,KEIKO SOFIA FUJIMORI HIGUCHI,2883481,2653355
2026-04-15 23:57,0.924529,VOTOS EN BLANCO,2375247,2165757
2026-04-15 23:57,0.924529,ROBERTO HELBERT SANCHEZ PALOMINO,2015128,1875392
2026-04-15 23:57,0.924529,RAFAEL BERNARDO LÓPEZ ALIAGA CAZORLA,2002848,1846072
2026-04-15 23:57,0.924529,JORGE NIETO MONTESINOS,1844518,1721193
2026-04-15 23:57,0.924529,RICARDO PABLO BELMONT CASSINELLI,1701827,1579718
2026-04-15 23:57,0.924529,CARLOS GONSALO ALVAREZ LOAYZA,1331903,1224106
2026-04-15 23:57,0.924529,PABLO ALFONSO LOPEZ CHAU NAVA,1226555,1144389
2026-04-15 23:57,0.924529,VOTOS NULOS,1012424,933812
2026-04-15 23:57,0.924529,MARIA SOLEDAD PEREZ TELLO,573796,534239
2026-04-15 23:57,0.924529,ALFONSO CARLOS ESPA Y GARCES-ALVEAR,563095,527048
2026-04-15 23:57,0.924529,LUIS FERNANDO OLIVERA VEGA,308279,288721
2026-04-15 23:57,0.924529,JOSE LEON LUNA GALVEZ,266843,247310
2026-04-15 23:57,0.924529,YONHY LESCANO ANCIETA,215333,203459
2026-04-15 23:57,0.924529,CESAR ACUÑA PERALTA,192957,176686
2026-04-15 23:57,0.924529,PITTER ENRIQUE VALDERRAMA PEÑA,161870,149324
2026-04-15 23:57,0.924529,GEORGE PATRICK FORSYTH SOMMER,153620,139563
2026-04-15 23:57,0.924529,MARIO ENRIQUE VIZCARRA CORNEJO,144721,133956
2026-04-15 23:57,0.924529,HERBERT CALLER GUTIERREZ,144558,134259
2026-04-15 23:57,0.924529,RONALD DARWIN ATENCIO SOTOMAYOR,140555,131376
2026-04-15 23:57,0.924529,ROSARIO DEL PILAR FERNANDEZ BAZAN,128615,117008
2026-04-15 23:57,0.924529,CHARLIE CARRASCO SALAZAR,118954,110436
2026-04-15 23:57,0.924529,VLADIMIR ROY CERRON ROJAS,100391,92939
2026-04-15 23:57,0.924529,MESIAS ANTONIO GUEVARA AMASIFUEN,82312,76353
2026-04-15 23:57,0.924529,ROBERTO ENRIQUE CHIABRA LEON,68224,62848
2026-04-15 23:57,0.924529,PAUL DAVIS JAIMES BLANCO,66304,61323
2026-04-15 23:57,0.924529,ALEX GONZALES CASTILLO,64305,58899
2026-04-15 23:57,0.924529,WOLFGANG MARIO GROZO COSTA,63995,59240
2026-04-15 23:57,0.924529,RAFAEL JORGE BELAUNDE LLOSA,41199,37857
2026-04-15 23:57,0.924529,JOSE DANIEL WILLIAMS ZAPATA,32911,30410
2026-04-15 23:57,0.924529,FRANCISCO ERNESTO DIEZ-CANSECO TÁVARA,31699,29083
2026-04-15 23:57,0.924529,FIORELLA GIANNINA MOLINELLI ARISTONDO,27461,25239
2026-04-15 23:57,0.924529,ALVARO GONZALO PAZ DE LA BARRA FREIGEIRO,23536,21563
2026-04-15 23:57,0.924529,ARMANDO JOAQUIN MASSE FERNANDEZ,21873,20149
2026-04-15 23:57,0.924529,ANTONIO ORTIZ VILLANO,17811,16243
2026-04-15 23:57,0.924529,WALTER GILMER CHIRINOS PURIZAGA,14844,13423
2026-04-15 23:57,0.924529,NAPOLEON BECERRA GARCIA,11677,10563
2026-04-15 23:57,0.924529,CARLOS ERNESTO JAICO CARRANZA,10061,8990
2026-04-16 00:54,0.924612,KEIKO SOFIA FUJIMORI HIGUCHI,2883514,2653642
2026-04-16 00:54,0.924612,VOTOS EN BLANCO,2375272,2165900
2026-04-16 00:54,0.924612,ROBERTO HELBERT SANCHEZ PALOMINO,2015144,1875441
2026-04-16 00:54,0.924612,RAFAEL BERNARDO LÓPEZ ALIAGA CAZORLA,2002805,1846343
2026-04-16 00:54,0.924612,JORGE NIETO MONTESINOS,1844454,1721382
2026-04-16 00:54,0.924612,RICARDO PABLO BELMONT CASSINELLI,1701832,1579854
2026-04-16 00:54,0.924612,CARLOS GONSALO ALVAREZ LOAYZA,1331900,1224246
2026-04-16 00:54,0.924612,PABLO ALFONSO LOPEZ CHAU NAVA,1226565,1144500
2026-04-16 00:54,0.924612,VOTOS NULOS,1012418,933870
2026-04-16 00:54,0.924612,MARIA SOLEDAD PEREZ TELLO,573775,534307
2026-04-16 00:54,0.924612,ALFONSO CARLOS ESPA Y GARCES-ALVEAR,563089,527101
2026-04-16 00:54,0.924612,LUIS FERNANDO OLIVERA VEGA,308280,288742
2026-04-16 00:54,0.924612,JOSE LEON LUNA GALVEZ,266838,247322
2026-04-16 00:54,0.924612,YONHY LESCANO ANCIETA,215334,203467
2026-04-16 00:54,0.924612,CESAR ACUÑA PERALTA,192950,176691
2026-04-16 00:54,0.924612,PITTER ENRIQUE VALDERRAMA PEÑA,161863,149328
2026-04-16 00:54,0.924612,GEORGE PATRICK FORSYTH SOMMER,153621,139571
2026-04-16 00:54,0.924612,MARIO ENRIQUE VIZCARRA CORNEJO,144715,133959
2026-04-16 00:54,0.924612,HERBERT CALLER GUTIERREZ,144551,134263
2026-04-16 00:54,0.924612,RONALD DARWIN ATENCIO SOTOMAYOR,140554,131383
2026-04-16 00:54,0.924612,ROSARIO DEL PILAR FERNANDEZ BAZAN,128620,117011
2026-04-16 00:54,0.924612,CHARLIE CARRASCO SALAZAR,118954,110443
2026-04-16 00:54,0.924612,VLADIMIR ROY CERRON ROJAS,100392,92942
2026-04-16 00:54,0.924612,MESIAS ANTONIO GUEVARA AMASIFUEN,82308,76355
2026-04-16 00:54,0.924612,ROBERTO ENRIQUE CHIABRA LEON,68235,62862
2026-04-16 00:54,0.924612,PAUL DAVIS JAIMES BLANCO,66301,61327
2026-04-16 00:54,0.924612,ALEX GONZALES CASTILLO,64312,58904
2026-04-16 00:54,0.924612,WOLFGANG MARIO GROZO COSTA,64005,59250
2026-04-16 00:54,0.924612,RAFAEL JORGE BELAUNDE LLOSA,41193,37858
2026-04-16 00:54,0.924612,JOSE DANIEL WILLIAMS ZAPATA,32915,30415
2026-04-16 00:54,0.924612,FRANCISCO ERNESTO DIEZ-CANSECO TÁVARA,31698,29083
2026-04-16 00:54,0.924612,FIORELLA GIANNINA MOLINELLI ARISTONDO,27461,25241
2026-04-16 00:54,0.924612,ALVARO GONZALO PAZ DE LA BARRA FREIGEIRO,23537,21564
2026-04-16 00:54,0.924612,ARMANDO JOAQUIN MASSE FERNANDEZ,21875,20152
2026-04-16 00:54,0.924612,ANTONIO ORTIZ VILLANO,17814,16245
2026-04-16 00:54,0.924612,WALTER GILMER CHIRINOS PURIZAGA,14842,13424
2026-04-16 00:54,0.924612,NAPOLEON BECERRA GARCIA,11676,10563
2026-04-16 00:54,0.924612,CARLOS ERNESTO JAICO CARRANZA,10062,8991
2026-04-16 01:53,0.924612,KEIKO SOFIA FUJIMORI HIGUCHI,2883521,2653642
2026-04-16 01:53,0.924612,VOTOS EN BLANCO,2375256,2165900
2026-04-16 01:53,0.924612,ROBERTO HELBERT SANCHEZ PALOMINO,2015138,1875441
2026-04-16 01:53,0.924612,RAFAEL BERNARDO LÓPEZ ALIAGA CAZORLA,2002827,1846343
2026-04-16 01:53,0.924612,JORGE NIETO MONTESINOS,1844437,1721382
2026-04-16 01:53,0.924612,RICARDO PABLO BELMONT CASSINELLI,1701847,1579854
2026-04-16 01:53,0.924612,CARLOS GONSALO ALVAREZ LOAYZA,1331896,1224246
2026-04-16 01:53,0.924612,PABLO ALFONSO LOPEZ CHAU NAVA,1226568,1144500
2026-04-16 01:53,0.924612,VOTOS NULOS,1012414,933870
2026-04-16 01:53,0.924612,MARIA SOLEDAD PEREZ TELLO,573793,534307
2026-04-16 01:53,0.924612,ALFONSO CARLOS ESPA Y GARCES-ALVEAR,563091,527101
2026-04-16 01:53,0.924612,LUIS FERNANDO OLIVERA VEGA,308279,288742
2026-04-16 01:53,0.924612,JOSE LEON LUNA GALVEZ,266841,247322
2026-04-16 01:53,0.924612,YONHY LESCANO ANCIETA,215333,203467
2026-04-16 01:53,0.924612,CESAR ACUÑA PERALTA,192952,176691
2026-04-16 01:53,0.924612,PITTER ENRIQUE VALDERRAMA PEÑA,161859,149328
2026-04-16 01:53,0.924612,GEORGE PATRICK FORSYTH SOMMER,153619,139571
2026-04-16 01:53,0.924612,MARIO ENRIQUE VIZCARRA CORNEJO,144716,133959
2026-04-16 01:53,0.924612,HERBERT CALLER GUTIERREZ,144551,134263
2026-04-16 01:53,0.924612,RONALD DARWIN ATENCIO SOTOMAYOR,140560,131383
2026-04-16 01:53,0.924612,ROSARIO DEL PILAR FERNANDEZ BAZAN,128614,117011
2026-04-16 01:53,0.924612,CHARLIE CARRASCO SALAZAR,118951,110443
2026-04-16 01:53,0.924612,VLADIMIR ROY CERRON ROJAS,100397,92942
2026-04-16 01:53,0.924612,MESIAS ANTONIO GUEVARA AMASIFUEN,82307,76355
2026-04-16 01:53,0.924612,ROBERTO ENRIQUE CHIABRA LEON,68235,62862
2026-04-16 01:53,0.924612,PAUL DAVIS JAIMES BLANCO,66300,61327
2026-04-16 01:53,0.924612,ALEX GONZALES CASTILLO,64308,58904
2026-04-16 01:53,0.924612,WOLFGANG MARIO GROZO COSTA,64001,59250
2026-04-16 01:53,0.924612,RAFAEL JORGE BELAUNDE LLOSA,41194,37858
2026-04-16 01:53,0.924612,JOSE DANIEL WILLIAMS ZAPATA,32913,30415
2026-04-16 01:53,0.924612,FRANCISCO ERNESTO DIEZ-CANSECO TÁVARA,31697,29083
2026-04-16 01:53,0.924612,FIORELLA GIANNINA MOLINELLI ARISTONDO,27459,25241
2026-04-16 01:53,0.924612,ALVARO GONZALO PAZ DE LA BARRA FREIGEIRO,23535,21564
2026-04-16 01:53,0.924612,ARMANDO JOAQUIN MASSE FERNANDEZ,21875,20152
2026-04-16 01:53,0.924612,ANTONIO ORTIZ VILLANO,17816,16245
2026-04-16 01:53,0.924612,WALTER GILMER CHIRINOS PURIZAGA,14842,13424
2026-04-16 01:53,0.924612,NAPOLEON BECERRA GARCIA,11674,10563
2026-04-16 01:53,0.924612,CARLOS ERNESTO JAICO CARRANZA,10061,8991
2026-04-16 02:53,0.924612,KEIKO SOFIA FUJIMORI HIGUCHI,2883517,2653642
2026-04-16 02:53,0.924612,VOTOS EN BLANCO,2375268,2165900
2026-04-16 02:53,0.924612,ROBERTO HELBERT SANCHEZ PALOMINO,2015144,1875441
2026-04-16 02:53,0.924612,RAFAEL BERNARDO LÓPEZ ALIAGA CAZORLA,2002822,1846343
2026-04-16 02:53,0.924612,JORGE NIETO MONTESINOS,1844442,1721382
2026-04-16 02:53,0.924612,RICARDO PABLO BELMONT CASSINELLI,1701845,1579854
2026-04-16 02:53,0.924612,CARLOS GONSALO ALVAREZ LOAYZA,1331887,1224246
2026-04-16 02:53,0.924612,PABLO ALFONSO LOPEZ CHAU NAVA,1226573,1144500
2026-04-16 02:53,0.924612,VOTOS NULOS,1012397,933870
2026-04-16 02:53,0.924612,MARIA SOLEDAD PEREZ TELLO,573788,534307
2026-04-16 02:53,0.924612,ALFONSO CARLOS ESPA Y GARCES-ALVEAR,563084,527101
2026-04-16 02:53,0.924612,LUIS FERNANDO OLIVERA VEGA,308283,288742
2026-04-16 02:53,0.924612,JOSE LEON LUNA GALVEZ,266841,247322
2026-04-16 02:53,0.924612,YONHY LESCANO ANCIETA,215337,203467
2026-04-16 02:53,0.924612,CESAR ACUÑA PERALTA,192957,176691
2026-04-16 02:53,0.924612,PITTER ENRIQUE VALDERRAMA PEÑA,161863,149328
2026-04-16 02:53,0.924612,GEORGE PATRICK FORSYTH SOMMER,153620,139571
2026-04-16 02:53,0.924612,MARIO ENRIQUE VIZCARRA CORNEJO,144719,133959
2026-04-16 02:53,0.924612,HERBERT CALLER GUTIERREZ,144546,134263
2026-04-16 02:53,0.924612,RONALD DARWIN ATENCIO SOTOMAYOR,140561,131383
2026-04-16 02:53,0.924612,ROSARIO DEL PILAR FERNANDEZ BAZAN,128623,117011
2026-04-16 02:53,0.924612,CHARLIE CARRASCO SALAZAR,118950,110443
2026-04-16 02:53,0.924612,VLADIMIR ROY CERRON ROJAS,100390,92942
2026-04-16 02:53,0.924612,MESIAS ANTONIO GUEVARA AMASIFUEN,82303,76355
2026-04-16 02:53,0.924612,ROBERTO ENRIQUE CHIABRA LEON,68239,62862
2026-04-16 02:53,0.924612,PAUL DAVIS JAIMES BLANCO,66304,61327
2026-04-16 02:53,0.924612,ALEX GONZALES CASTILLO,64309,58904
2026-04-16 02:53,0.924612,WOLFGANG MARIO GROZO COSTA,63998,59250
2026-04-16 02:53,0.924612,RAFAEL JORGE BELAUNDE LLOSA,41193,37858
2026-04-16 02:53,0.924612,JOSE DANIEL WILLIAMS ZAPATA,32916,30415
2026-04-16 02:53,0.924612,FRANCISCO ERNESTO DIEZ-CANSECO TÁVARA,31699,29083
2026-04-16 02:53,0.924612,FIORELLA GIANNINA MOLINELLI ARISTONDO,27459,25241
2026-04-16 02:53,0.924612,ALVARO GONZALO PAZ DE LA BARRA FREIGEIRO,23533,21564
2026-04-16 02:53,0.924612,ARMANDO JOAQUIN MASSE FERNANDEZ,21874,20152
2026-04-16 02:53,0.924612,ANTONIO ORTIZ VILLANO,17815,16245
2026-04-16 02:53,0.924612,WALTER GILMER CHIRINOS PURIZAGA,14842,13424
2026-04-16 02:53,0.924612,NAPOLEON BECERRA GARCIA,11675,10563
2026-04-16 02:53,0.924612,CARLOS ERNESTO JAICO CARRANZA,10064,8991
2026-04-16 03:53,0.925958,KEIKO SOFIA FUJIMORI HIGUCHI,2884775,2659561
2026-04-16 03:53,0.925958,VOTOS EN BLANCO,2368773,2161872
2026-04-16 03:53,0.925958,ROBERTO HELBERT SANCHEZ PALOMINO,2015413,1876280
2026-04-16 03:53,0.925958,RAFAEL BERNARDO LÓPEZ ALIAGA CAZORLA,2003626,1851468
2026-04-16 03:53,0.925958,JORGE NIETO MONTESINOS,1845083,1725730
2026-04-16 03:53,0.925958,RICARDO PABLO BELMONT CASSINELLI,1702492,1582641
2026-04-16 03:53,0.925958,CARLOS GONSALO ALVAREZ LOAYZA,1332578,1227398
2026-04-16 03:53,0.925958,PABLO ALFONSO LOPEZ CHAU NAVA,1227006,1146357
2026-04-16 03:53,0.925958,VOTOS NULOS,1012652,935206
2026-04-16 03:53,0.925958,MARIA SOLEDAD PEREZ TELLO,573972,535504
2026-04-16 03:53,0.925958,ALFONSO CARLOS ESPA Y GARCES-ALVEAR,563241,528276
2026-04-16 03:53,0.925958,LUIS FERNANDO OLIVERA VEGA,308395,289195
2026-04-16 03:53,0.925958,JOSE LEON LUNA GALVEZ,266948,247596
2026-04-16 03:53,0.925958,YONHY LESCANO ANCIETA,215449,203689
2026-04-16 03:53,0.925958,CESAR ACUÑA PERALTA,193004,176844
2026-04-16 03:53,0.925958,PITTER ENRIQUE VALDERRAMA PEÑA,161943,149573
2026-04-16 03:53,0.925958,GEORGE PATRICK FORSYTH SOMMER,153672,139765
2026-04-16 03:53,0.925958,MARIO ENRIQUE VIZCARRA CORNEJO,144728,134085
2026-04-16 03:53,0.925958,HERBERT CALLER GUTIERREZ,144582,134432
2026-04-16 03:53,0.925958,RONALD DARWIN ATENCIO SOTOMAYOR,140598,131517
2026-04-16 03:53,0.925958,ROSARIO DEL PILAR FERNANDEZ BAZAN,128636,117065
2026-04-16 03:53,0.925958,CHARLIE CARRASCO SALAZAR,119026,110620
2026-04-16 03:53,0.925958,VLADIMIR ROY CERRON ROJAS,100434,93044
2026-04-16 03:53,0.925958,MESIAS ANTONIO GUEVARA AMASIFUEN,82350,76529
2026-04-16 03:53,0.925958,ROBERTO ENRIQUE CHIABRA LEON,68272,63007
2026-04-16 03:53,0.925958,PAUL DAVIS JAIMES BLANCO,66338,61436
2026-04-16 03:53,0.925958,ALEX GONZALES CASTILLO,64435,59078
2026-04-16 03:53,0.925958,WOLFGANG MARIO GROZO COSTA,64042,59407
2026-04-16 03:53,0.925958,RAFAEL JORGE BELAUNDE LLOSA,41205,37928
2026-04-16 03:53,0.925958,JOSE DANIEL WILLIAMS ZAPATA,32937,30473
2026-04-16 03:53,0.925958,FRANCISCO ERNESTO DIEZ-CANSECO TÁVARA,31707,29128
2026-04-16 03:53,0.925958,FIORELLA GIANNINA MOLINELLI ARISTONDO,27474,25280
2026-04-16 03:53,0.925958,ALVARO GONZALO PAZ DE LA BARRA FREIGEIRO,23559,21604
2026-04-16 03:53,0.925958,ARMANDO JOAQUIN MASSE FERNANDEZ,21884,20189
2026-04-16 03:53,0.925958,ANTONIO ORTIZ VILLANO,17817,16256
2026-04-16 03:53,0.925958,WALTER GILMER CHIRINOS PURIZAGA,14847,13444
2026-04-16 03:53,0.925958,NAPOLEON BECERRA GARCIA,11688,10586
2026-04-16 03:53,0.925958,CARLOS ERNESTO JAICO CARRANZA,10066,9007
2026-04-16 04:53,0.92705,KEIKO SOFIA FUJIMORI HIGUCHI,2883612,2661313
2026-04-16 04:53,0.92705,VOTOS EN BLANCO,2375275,2171296
2026-04-16 04:53,0.92705,ROBERTO HELBERT SANCHEZ PALOMINO,2015214,1876568
2026-04-16 04:53,0.92705,RAFAEL BERNARDO LÓPEZ ALIAGA CAZORLA,2002676,1853490
2026-04-16 04:53,0.92705,JORGE NIETO MONTESINOS,1844347,1726924
2026-04-16 04:53,0.92705,RICARDO PABLO BELMONT CASSINELLI,1701695,1584747
2026-04-16 04:53,0.92705,CARLOS GONSALO ALVAREZ LOAYZA,1332030,1229089
2026-04-16 04:53,0.92705,PABLO ALFONSO LOPEZ CHAU NAVA,1226693,1147435
2026-04-16 04:53,0.92705,VOTOS NULOS,1012537,935921
2026-04-16 04:53,0.92705,MARIA SOLEDAD PEREZ TELLO,573729,535982
2026-04-16 04:53,0.92705,ALFONSO CARLOS ESPA Y GARCES-ALVEAR,562889,528456
2026-04-16 04:53,0.92705,LUIS FERNANDO OLIVERA VEGA,308263,289397
2026-04-16 04:53,0.92705,JOSE LEON LUNA GALVEZ,266846,247627
2026-04-16 04:53,0.92705,YONHY LESCANO ANCIETA,215421,203755
2026-04-16 04:53,0.92705,CESAR ACUÑA PERALTA,192978,176873
2026-04-16 04:53,0.92705,PITTER ENRIQUE VALDERRAMA PEÑA,161849,149651
2026-04-16 04:53,0.92705,GEORGE PATRICK FORSYTH SOMMER,153610,139841
2026-04-16 04:53,0.92705,MARIO ENRIQUE VIZCARRA CORNEJO,144679,134106
2026-04-16 04:53,0.92705,HERBERT CALLER GUTIERREZ,144565,134513
2026-04-16 04:53,0.92705,RONALD DARWIN ATENCIO SOTOMAYOR,140586,131583
2026-04-16 04:53,0.92705,ROSARIO DEL PILAR FERNANDEZ BAZAN,128602,117137
2026-04-16 04:53,0.92705,CHARLIE CARRASCO SALAZAR,118973,110723
2026-04-16 04:53,0.92705,VLADIMIR ROY CERRON ROJAS,100413,93108
2026-04-16 04:53,0.92705,MESIAS ANTONIO GUEVARA AMASIFUEN,82292,76586
2026-04-16 04:53,0.92705,ROBERTO ENRIQUE CHIABRA LEON,68210,63076
2026-04-16 04:53,0.92705,PAUL DAVIS JAIMES BLANCO,66320,61461
2026-04-16 04:53,0.92705,ALEX GONZALES CASTILLO,64421,59126
2026-04-16 04:53,0.92705,WOLFGANG MARIO GROZO COSTA,63996,59449
2026-04-16 04:53,0.92705,RAFAEL JORGE BELAUNDE LLOSA,41188,37967
2026-04-16 04:53,0.92705,JOSE DANIEL WILLIAMS ZAPATA,32930,30491
2026-04-16 04:53,0.92705,FRANCISCO ERNESTO DIEZ-CANSECO TÁVARA,31695,29152
2026-04-16 04:53,0.92705,FIORELLA GIANNINA MOLINELLI ARISTONDO,27468,25303
2026-04-16 04:53,0.92705,ALVARO GONZALO PAZ DE LA BARRA FREIGEIRO,23551,21615
2026-04-16 04:53,0.92705,ARMANDO JOAQUIN MASSE FERNANDEZ,21881,20200
2026-04-16 04:53,0.92705,ANTONIO ORTIZ VILLANO,17821,16268
2026-04-16 04:53,0.92705,WALTER GILMER CHIRINOS PURIZAGA,14842,13454
2026-04-16 04:53,0.92705,NAPOLEON BECERRA GARCIA,11671,10595
2026-04-16 04:53,0.92705,CARLOS ERNESTO JAICO CARRANZA,10056,9021
2026-04-16 05:53,0.927115,KEIKO SOFIA FUJIMORI HIGUCHI,2883604,2661442
2026-04-16 05:53,0.927115,VOTOS EN BLANCO,2375286,2171522
2026-04-16 05:53,0.927115,ROBERTO HELBERT SANCHEZ PALOMINO,2015211,1876590
2026-04-16 05:53,0.927115,RAFAEL BERNARDO LÓPEZ ALIAGA CAZORLA,2002619,1853588
2026-04-16 05:53,0.927115,JORGE NIETO MONTESINOS,1844356,1727034
2026-04-16 05:53,0.927115,RICARDO PABLO BELMONT CASSINELLI,1701655,1584878
2026-04-16 05:53,0.927115,CARLOS GONSALO ALVAREZ LOAYZA,1331992,1229223
2026-04-16 05:53,0.927115,PABLO ALFONSO LOPEZ CHAU NAVA,1226705,1147524
2026-04-16 05:53,0.927115,VOTOS NULOS,1012517,935955
2026-04-16 05:53,0.927115,MARIA SOLEDAD PEREZ TELLO,573734,536027
2026-04-16 05:53,0.927115,ALFONSO CARLOS ESPA Y GARCES-ALVEAR,562891,528466
2026-04-16 05:53,0.927115,LUIS FERNANDO OLIVERA VEGA,308268,289423
2026-04-16 05:53,0.927115,JOSE LEON LUNA GALVEZ,266849,247630
2026-04-16 05:53,0.927115,YONHY LESCANO ANCIETA,215418,203760
2026-04-16 05:53,0.927115,CESAR ACUÑA PERALTA,192973,176874
2026-04-16 05:53,0.927115,PITTER ENRIQUE VALDERRAMA PEÑA,161853,149664
2026-04-16 05:53,0.927115,GEORGE PATRICK FORSYTH SOMMER,153609,139847
2026-04-16 05:53,0.927115,MARIO ENRIQUE VIZCARRA CORNEJO,144678,134106
2026-04-16 05:53,0.927115,HERBERT CALLER GUTIERREZ,144571,134532
2026-04-16 05:53,0.927115,RONALD DARWIN ATENCIO SOTOMAYOR,140579,131586
2026-04-16 05:53,0.927115,ROSARIO DEL PILAR FERNANDEZ BAZAN,128598,117144
2026-04-16 05:53,0.927115,CHARLIE CARRASCO SALAZAR,118976,110736
2026-04-16 05:53,0.927115,VLADIMIR ROY CERRON ROJAS,100421,93121
2026-04-16 05:53,0.927115,MESIAS ANTONIO GUEVARA AMASIFUEN,82297,76593
2026-04-16 05:53,0.927115,ROBERTO ENRIQUE CHIABRA LEON,68202,63079
2026-04-16 05:53,0.927115,PAUL DAVIS JAIMES BLANCO,66321,61465
2026-04-16 05:53,0.927115,ALEX GONZALES CASTILLO,64415,59128
2026-04-16 05:53,0.927115,WOLFGANG MARIO GROZO COSTA,63994,59451
2026-04-16 05:53,0.927115,RAFAEL JORGE BELAUNDE LLOSA,41184,37968
2026-04-16 05:53,0.927115,JOSE DANIEL WILLIAMS ZAPATA,32930,30494
2026-04-16 05:53,0.927115,FRANCISCO ERNESTO DIEZ-CANSECO TÁVARA,31695,29154
2026-04-16 05:53,0.927115,FIORELLA GIANNINA MOLINELLI ARISTONDO,27467,25304
2026-04-16 05:53,0.927115,ALVARO GONZALO PAZ DE LA BARRA FREIGEIRO,23550,21617
2026-04-16 05:53,0.927115,ARMANDO JOAQUIN MASSE FERNANDEZ,21879,20201
2026-04-16 05:53,0.927115,ANTONIO ORTIZ VILLANO,17820,16268
2026-04-16 05:53,0.927115,WALTER GILMER CHIRINOS PURIZAGA,14843,13457
2026-04-16 05:53,0.927115,NAPOLEON BECERRA GARCIA,11667,10595
2026-04-16 05:53,0.927115,CARLOS ERNESTO JAICO CARRANZA,10052,9022
2026-04-16 06:53,0.927115,KEIKO SOFIA FUJIMORI HIGUCHI,2883581,2661442
2026-04-16 06:53,0.927115,VOTOS EN BLANCO,2375322,2171522
2026-04-16 06:53,0.927115,ROBERTO HELBERT SANCHEZ PALOMINO,2015209,1876590
2026-04-16 06:53,0.927115,RAFAEL BERNARDO LÓPEZ ALIAGA CAZORLA,2002599,1853588
2026-04-16 06:53,0.927115,JORGE NIETO MONTESINOS,1844373,1727034
2026-04-16 06:53,0.927115,RICARDO PABLO BELMONT CASSINELLI,1701637,1584878
2026-04-16 06:53,0.927115,CARLOS GONSALO ALVAREZ LOAYZA,1331988,1229223
2026-04-16 06:53,0.927115,PABLO ALFONSO LOPEZ CHAU NAVA,1226707,1147524
2026-04-16 06:53,0.927115,VOTOS NULOS,1012501,935955
2026-04-16 06:53,0.927115,MARIA SOLEDAD PEREZ TELLO,573732,536027
2026-04-16 06:53,0.927115,ALFONSO CARLOS ESPA Y GARCES-ALVEAR,562883,528466
2026-04-16 06:53,0.927115,LUIS FERNANDO OLIVERA VEGA,308278,289423
2026-04-16 06:53,0.927115,JOSE LEON LUNA GALVEZ,266852,247630
2026-04-16 06:53,0.927115,YONHY LESCANO ANCIETA,215423,203760
2026-04-16 06:53,0.927115,CESAR ACUÑA PERALTA,192972,176874
2026-04-16 06:53,0.927115,PITTER ENRIQUE VALDERRAMA PEÑA,161853,149664
2026-04-16 06:53,0.927115,GEORGE PATRICK FORSYTH SOMMER,153606,139847
2026-04-16 06:53,0.927115,MARIO ENRIQUE VIZCARRA CORNEJO,144679,134106
2026-04-16 06:53,0.927115,HERBERT CALLER GUTIERREZ,144574,134532
2026-04-16 06:53,0.927115,RONALD DARWIN ATENCIO SOTOMAYOR,140579,131586
2026-04-16 06:53,0.927115,ROSARIO DEL PILAR FERNANDEZ BAZAN,128600,117144
2026-04-16 06:53,0.927115,CHARLIE CARRASCO SALAZAR,118980,110736
2026-04-16 06:53,0.927115,VLADIMIR ROY CERRON ROJAS,100421,93121
2026-04-16 06:53,0.927115,MESIAS ANTONIO GUEVARA AMASIFUEN,82294,76593
2026-04-16 06:53,0.927115,ROBERTO ENRIQUE CHIABRA LEON,68208,63079
2026-04-16 06:53,0.927115,PAUL DAVIS JAIMES BLANCO,66317,61465
2026-04-16 06:53,0.927115,ALEX GONZALES CASTILLO,64415,59128
2026-04-16 06:53,0.927115,WOLFGANG MARIO GROZO COSTA,63998,59451
2026-04-16 06:53,0.927115,RAFAEL JORGE BELAUNDE LLOSA,41186,37968
2026-04-16 06:53,0.927115,JOSE DANIEL WILLIAMS ZAPATA,32930,30494
2026-04-16 06:53,0.927115,FRANCISCO ERNESTO DIEZ-CANSECO TÁVARA,31697,29154
2026-04-16 06:53,0.927115,FIORELLA GIANNINA MOLINELLI ARISTONDO,27467,25304
2026-04-16 06:53,0.927115,ALVARO GONZALO PAZ DE LA BARRA FREIGEIRO,23552,21617
2026-04-16 06:53,0.927115,ARMANDO JOAQUIN MASSE FERNANDEZ,21881,20201
2026-04-16 06:53,0.927115,ANTONIO ORTIZ VILLANO,17821,16268
2026-04-16 06:53,0.927115,WALTER GILMER CHIRINOS PURIZAGA,14841,13457
2026-04-16 06:53,0.927115,NAPOLEON BECERRA GARCIA,11668,10595
2026-04-16 06:53,0.927115,CARLOS ERNESTO JAICO CARRANZA,10054,9022
2026-04-16 07:53,0.927115,KEIKO SOFIA FUJIMORI HIGUCHI,2883582,2661442
2026-04-16 07:53,0.927115,VOTOS EN BLANCO,2375320,2171522
2026-04-16 07:53,0.927115,ROBERTO HELBERT SANCHEZ PALOMINO,2015205,1876590
2026-04-16 07:53,0.927115,RAFAEL BERNARDO LÓPEZ ALIAGA CAZORLA,2002608,1853588
2026-04-16 07:53,0.927115,JORGE NIETO MONTESINOS,1844361,1727034
2026-04-16 07:53,0.927115,RICARDO PABLO BELMONT CASSINELLI,1701654,1584878
2026-04-16 07:53,0.927115,CARLOS GONSALO ALVAREZ LOAYZA,1331993,1229223
2026-04-16 07:53,0.927115,PABLO ALFONSO LOPEZ CHAU NAVA,1226702,1147524
2026-04-16 07:53,0.927115,VOTOS NULOS,1012514,935955
2026-04-16 07:53,0.927115,MARIA SOLEDAD PEREZ TELLO,573726,536027
2026-04-16 07:53,0.927115,ALFONSO CARLOS ESPA Y GARCES-ALVEAR,562880,528466
2026-04-16 07:53,0.927115,LUIS FERNANDO OLIVERA VEGA,308271,289423
2026-04-16 07:53,0.927115,JOSE LEON LUNA GALVEZ,266846,247630
2026-04-16 07:53,0.927115,YONHY LESCANO ANCIETA,215420,203760
2026-04-16 07:53,0.927115,CESAR ACUÑA PERALTA,192973,176874
2026-04-16 07:53,0.927115,PITTER ENRIQUE VALDERRAMA PEÑA,161850,149664
2026-04-16 07:53,0.927115,GEORGE PATRICK FORSYTH SOMMER,153611,139847
2026-04-16 07:53,0.927115,MARIO ENRIQUE VIZCARRA CORNEJO,144677,134106
2026-04-16 07:53,0.927115,HERBERT CALLER GUTIERREZ,144571,134532
2026-04-16 07:53,0.927115,RONALD DARWIN ATENCIO SOTOMAYOR,140580,131586
2026-04-16 07:53,0.927115,ROSARIO DEL PILAR FERNANDEZ BAZAN,128600,117144
2026-04-16 07:53,0.927115,CHARLIE CARRASCO SALAZAR,118979,110736
2026-04-16 07:53,0.927115,VLADIMIR ROY CERRON ROJAS,100421,93121
2026-04-16 07:53,0.927115,MESIAS ANTONIO GUEVARA AMASIFUEN,82296,76593
2026-04-16 07:53,0.927115,ROBERTO ENRIQUE CHIABRA LEON,68205,63079
2026-04-16 07:53,0.927115,PAUL DAVIS JAIMES BLANCO,66314,61465
2026-04-16 07:53,0.927115,ALEX GONZALES CASTILLO,64417,59128
2026-04-16 07:53,0.927115,WOLFGANG MARIO GROZO COSTA,63998,59451
2026-04-16 07:53,0.927115,RAFAEL JORGE BELAUNDE LLOSA,41187,37968
2026-04-16 07:53,0.927115,JOSE DANIEL WILLIAMS ZAPATA,32932,30494
2026-04-16 07:53,0.927115,FRANCISCO ERNESTO DIEZ-CANSECO TÁVARA,31697,29154
2026-04-16 07:53,0.927115,FIORELLA GIANNINA MOLINELLI ARISTONDO,27471,25304
2026-04-16 07:53,0.927115,ALVARO GONZALO PAZ DE LA BARRA FREIGEIRO,23552,21617
2026-04-16 07:53,0.927115,ARMANDO JOAQUIN MASSE FERNANDEZ,21880,20201
2026-04-16 07:53,0.927115,ANTONIO ORTIZ VILLANO,17821,16268
2026-04-16 07:53,0.927115,WALTER GILMER CHIRINOS PURIZAGA,14842,13457
2026-04-16 07:53,0.927115,NAPOLEON BECERRA GARCIA,11670,10595
2026-04-16 07:53,0.927115,CARLOS ERNESTO JAICO CARRANZA,10053,9022
